x1,x2,x3,x4,x5,x6,x7,x8,x9,x10,x11,x12,x13,x14,x15,x16,x17,x18,x19,x20,x21,x22,x23,x24,x25,x26,x27,x28,x29,x30,x31,x32,x33,x34,x35,x36,x37,x38,x39,x40,x41,x42,x43,x44,x45,x46,x47,x48,x49,x50,x51,x52,x53,x54,x55,x56,x57,x58,x59,x60,x61,x62,x63,x64,x65
0.5,0.25,0.75,0.125,0.625,0.375,0.875,0.5625,0.3125,0.8125,0.1875,0.6875,0.4375,0.9375,0.03125,0.53125,0.28125,0.78125,0.15625,0.65625,0.40625,0.90625,0.09375,0.59375,0.34375,0.84375,0.21875,0.71875,0.46875,0.96875,0.515625,0.265625,0.765625,0.140625,0.640625,0.390625,0.890625,0.078125,0.578125,0.328125,0.828125,0.203125,0.703125,0.453125,0.953125,0.046875,0.546875,0.796875,0.171875,0.421875,0.91015625,0.43359375,0.32421875,0.064453125,0.087890625,0.666015625,0.751953125,0.5546875,0.73828125,0.08203125,0.275390625,0.736328125,0.845703125,0.775390625,0.556640625
0.3333333333333333,0.6666666666666666,0.1111111111111111,0.4444444444444444,0.7777777777777777,0.2222222222222222,0.5555555555555556,0.037037037037037035,0.37037037037037035,0.7037037037037037,0.14814814814814814,0.48148148148148145,0.8148148148148147,0.25925925925925924,0.5925925925925926,0.9259259259259258,0.07407407407407407,0.4074074074074074,0.7407407407407407,0.18518518518518517,0.5185185185185185,0.8518518518518517,0.2962962962962963,0.6296296296296297,0.9629629629629629,0.012345679012345678,0.345679012345679,0.6790123456790123,0.12345679012345678,0.4567901234567901,0.2345679012345679,0.5679012345679013,0.9012345679012346,0.04938271604938271,0.38271604938271603,0.7160493827160495,0.16049382716049382,0.49382716049382713,0.8271604938271604,0.2716049382716049,0.6049382716049383,0.9382716049382716,0.08641975308641975,0.41975308641975306,0.7530864197530864,0.19753086419753085,0.5308641975308641,0.30864197530864196,0.6419753086419753,0.024691358024691357,0.6213991769547325,0.11248285322359396,0.5020576131687242,0.18655692729766804,0.05486968449931413,0.9314128943758572,0.5939643347050754,0.794238683127572,0.020576131687242795,0.23045267489711932,0.12894375857338822,0.7668038408779149,0.49519890260631,0.4622770919067215,0.09190672153635115
0.2,0.4,0.6000000000000001,0.8,0.04,0.24000000000000002,0.44,0.8400000000000001,0.08,0.28,0.48000000000000004,0.68,0.88,0.12,0.32,0.52,0.7200000000000001,0.92,0.16,0.36,0.56,0.7600000000000001,0.9600000000000001,0.008,0.20800000000000002,0.40800000000000003,0.6080000000000001,0.808,0.048,0.24800000000000003,0.6480000000000001,0.8480000000000001,0.088,0.28800000000000003,0.48800000000000004,0.6880000000000001,0.888,0.128,0.328,0.528,0.7280000000000001,0.928,0.168,0.368,0.5680000000000001,0.7680000000000001,0.9680000000000001,0.21600000000000003,0.41600000000000004,0.8160000000000001,0.2096,0.3936,0.42560000000000003,0.8832,0.1152,0.3472,0.8432000000000001,0.7120000000000001,0.8976000000000001,0.7296000000000001,0.8352,0.5392,0.6512000000000001,0.0752,0.9552
0.14285714285714285,0.2857142857142857,0.42857142857142855,0.5714285714285714,0.7142857142857142,0.8571428571428571,0.02040816326530612,0.30612244897959184,0.4489795918367347,0.5918367346938775,0.7346938775510203,0.8775510204081632,0.04081632653061224,0.18367346938775508,0.32653061224489793,0.4693877551020408,0.6122448979591837,0.7551020408163265,0.8979591836734694,0.061224489795918366,0.20408163265306123,0.3469387755102041,0.4897959183673469,0.6326530612244897,0.7755102040816325,0.9183673469387754,0.08163265306122448,0.22448979591836732,0.36734693877551017,0.5102040816326531,0.7959183673469387,0.9387755102040816,0.1020408163265306,0.24489795918367346,0.3877551020408163,0.5306122448979591,0.673469387755102,0.8163265306122448,0.9591836734693877,0.12244897959183673,0.26530612244897955,0.40816326530612246,0.5510204081632653,0.6938775510204082,0.836734693877551,0.9795918367346939,0.0029154518950437317,0.2886297376093294,0.43148688046647227,0.7172011661807579,0.5801749271137026,0.1574344023323615,0.868804664723032,0.7696793002915452,0.4698042482299042,0.8542274052478134,0.0553935860058309,0.18950437317784255,0.13119533527696792,0.06997084548104957,0.592253227821741,0.36443148688046645,0.5451895043731778,0.7351103706788837,0.7759266972094959
0.09090909090909091,0.18181818181818182,0.2727272727272727,0.36363636363636365,0.4545454545454546,0.5454545454545454,0.6363636363636364,0.8181818181818182,0.9090909090909092,0.008264462809917356,0.09917355371900827,0.19008264462809918,0.28099173553719003,0.371900826446281,0.4628099173553719,0.5537190082644627,0.6446280991735537,0.7355371900826446,0.8264462809917356,0.9173553719008265,0.01652892561983471,0.10743801652892562,0.19834710743801653,0.2892561983471074,0.38016528925619836,0.4710743801652893,0.5619834710743801,0.6528925619834711,0.743801652892562,0.834710743801653,0.024793388429752067,0.11570247933884298,0.2066115702479339,0.2975206611570248,0.38842975206611574,0.4793388429752067,0.5702479338842975,0.6611570247933884,0.7520661157024794,0.8429752066115703,0.9338842975206613,0.03305785123966942,0.12396694214876033,0.21487603305785125,0.30578512396694213,0.39669421487603307,0.487603305785124,0.6694214876033058,0.7603305785123967,0.9421487603305786,0.7445529676934636,0.3651389932381668,0.42223891810668673,0.018031555221637866,0.8114199849737039,0.07588279489105935,0.5552216378662659,0.35537190082644626,0.23215627347858753,0.3065364387678437,0.2659654395191585,0.8692712246431255,0.7535687453042825,0.3568745304282494,0.5477084898572502
0.07692307692307693,0.15384615384615385,0.23076923076923078,0.3076923076923077,0.38461538461538464,0.46153846153846156,0.5384615384615385,0.6923076923076923,0.7692307692307693,0.8461538461538463,0.9230769230769231,0.00591715976331361,0.08284023668639054,0.15976331360946747,0.2366863905325444,0.3136094674556213,0.3905325443786982,0.46745562130177515,0.5443786982248522,0.6213017751479291,0.6982248520710059,0.7751479289940829,0.8520710059171599,0.9289940828402368,0.01183431952662722,0.08875739644970415,0.16568047337278108,0.242603550295858,0.31952662721893493,0.39644970414201186,0.5502958579881657,0.6272189349112426,0.7041420118343195,0.7810650887573964,0.8579881656804734,0.9349112426035503,0.01775147928994083,0.09467455621301776,0.1715976331360947,0.24852071005917162,0.3254437869822485,0.40236686390532544,0.47928994082840237,0.5562130177514794,0.6331360946745562,0.7100591715976331,0.7869822485207101,0.9408284023668639,0.02366863905325444,0.1775147928994083,0.6804733727810651,0.9531178880291308,0.5507510241238053,0.34956759217114247,0.6991351843422849,0.2316795630405098,0.9590350477924443,0.7396449704142012,0.5448338643604917,0.9940828402366865,0.2375967228038234,0.45015930814747385,0.8170232134729177,0.3145197997269003,0.3973600364132909
0.058823529411764705,0.11764705882352941,0.1764705882352941,0.23529411764705882,0.29411764705882354,0.3529411764705882,0.4117647058823529,0.5294117647058824,0.5882352941176471,0.6470588235294118,0.7058823529411764,0.7647058823529411,0.8235294117647058,0.8823529411764706,0.9411764705882353,0.0034602076124567475,0.06228373702422145,0.12110726643598616,0.17993079584775085,0.23875432525951557,0.2975778546712803,0.35640138408304495,0.41522491349480967,0.4740484429065744,0.5328719723183392,0.5916955017301039,0.6505190311418686,0.7093425605536332,0.7681660899653979,0.8269896193771626,0.9446366782006921,0.006920415224913495,0.0657439446366782,0.1245674740484429,0.1833910034602076,0.2422145328719723,0.30103806228373703,0.3598615916955017,0.4186851211072664,0.47750865051903113,0.5363321799307958,0.5951557093425606,0.6539792387543253,0.7128027681660899,0.7716262975778546,0.8304498269896193,0.889273356401384,0.010380622837370242,0.06920415224913495,0.18685121107266434,0.9100346020761245,0.5190311418685121,0.9204152249134948,0.5813148788927336,0.19051496030938325,0.06940769387339711,0.28719723183391005,0.6678200692041523,0.15570934256055363,0.9134948096885813,0.8341135762263383,0.6507225727661308,0.7024221453287197,0.892937105638103,0.7199267250152656
0.05263157894736842,0.10526315789473684,0.15789473684210525,0.21052631578947367,0.2631578947368421,0.3157894736842105,0.3684210526315789,0.47368421052631576,0.5263157894736842,0.5789473684210527,0.631578947368421,0.6842105263157894,0.7368421052631579,0.7894736842105263,0.8421052631578947,0.894736842105263,0.9473684210526315,0.002770083102493075,0.055401662049861494,0.10803324099722991,0.16066481994459833,0.21329639889196675,0.26592797783933514,0.31855955678670356,0.371191135734072,0.4238227146814404,0.4764542936288088,0.5290858725761772,0.5817174515235457,0.6343490304709141,0.7396121883656509,0.7922437673130194,0.8448753462603877,0.8975069252077561,0.9501385041551246,0.00554016620498615,0.05817174515235457,0.11080332409972299,0.1634349030470914,0.21606648199445982,0.26869806094182824,0.32132963988919666,0.3739612188365651,0.4265927977839335,0.4792243767313019,0.5318559556786703,0.5844875346260388,0.6897506925207755,0.742382271468144,0.8476454293628808,0.9667590027700831,0.9806094182825484,0.6592797783933517,0.930747922437673,0.9972299168975068,0.9944598337950138,0.667590027700831,0.9612188365650969,0.9722991689750692,0.8642659279778393,0.6814404432132963,0.7285318559556786,0.9335180055401661,0.7340720221606647,0.421198425426447
0.043478260869565216,0.08695652173913043,0.13043478260869565,0.17391304347826086,0.21739130434782608,0.2608695652173913,0.30434782608695654,0.3913043478260869,0.43478260869565216,0.4782608695652174,0.5217391304347826,0.5652173913043478,0.6086956521739131,0.6521739130434783,0.6956521739130435,0.7391304347826086,0.7826086956521738,0.8260869565217391,0.8695652173913043,0.9130434782608695,0.9565217391304348,0.001890359168241966,0.04536862003780718,0.0888468809073724,0.1323251417769376,0.17580340264650282,0.21928166351606804,0.2627599243856333,0.3062381852551985,0.3497164461247637,0.43667296786389415,0.4801512287334594,0.5236294896030246,0.5671077504725898,0.6105860113421551,0.6540642722117203,0.6975425330812854,0.7410207939508506,0.7844990548204158,0.8279773156899811,0.8714555765595463,0.9149338374291115,0.9584120982986768,0.003780718336483932,0.04725897920604915,0.09073724007561436,0.1342155009451796,0.22117202268431002,0.2646502835538752,0.35160680529300564,0.5765595463137996,0.7145557655954631,0.7977315689981096,0.499054820415879,0.6805293005671078,0.8525519848771267,0.2816635160680529,0.9206049149338373,0.23251417769376181,0.3175803402646503,0.4196597353497164,0.8071833648393194,0.3270321361058601,0.46313799621928164,0.07372400756143667
0.034482758620689655,0.06896551724137931,0.10344827586206896,0.13793103448275862,0.1724137931034483,0.20689655172413793,0.24137931034482757,0.3103448275862069,0.3448275862068966,0.3793103448275862,0.41379310344827586,0.4482758620689655,0.48275862068965514,0.5172413793103449,0.5517241379310345,0.5862068965517241,0.6206896551724138,0.6551724137931034,0.6896551724137931,0.7241379310344828,0.7586206896551724,0.7931034482758621,0.8275862068965517,0.8620689655172413,0.896551724137931,0.9310344827586207,0.9655172413793103,0.0011890606420927466,0.0356718192627824,0.07015457788347206,0.13912009512485138,0.17360285374554105,0.2080856123662307,0.24256837098692033,0.27705112960760997,0.31153388822829964,0.3460166468489893,0.3804994054696789,0.4149821640903686,0.44946492271105826,0.48394768133174787,0.5184304399524376,0.5529131985731273,0.5873959571938169,0.6218787158145066,0.6563614744351962,0.6908442330558859,0.7598097502972652,0.7942925089179549,0.8632580261593341,0.21284185493460167,0.4922711058263971,0.9726516052318668,0.11414982164090368,0.4280618311533888,0.7717003567181926,0.9405469678953626,0.9001189060642093,0.5243757431629014,0.7990487514863258,0.22116527942925088,0.9429250891795481,0.7693222354340071,0.2556480380499405,0.7384066587395958
0.03225806451612903,0.06451612903225806,0.0967741935483871,0.12903225806451613,0.16129032258064516,0.1935483870967742,0.22580645161290322,0.29032258064516125,0.3225806451612903,0.3548387096774194,0.3870967741935484,0.4193548387096774,0.45161290322580644,0.4838709677419355,0.5161290322580645,0.5483870967741935,0.5806451612903225,0.6129032258064516,0.6451612903225806,0.6774193548387096,0.7096774193548387,0.7419354838709677,0.7741935483870968,0.8064516129032258,0.8387096774193548,0.8709677419354839,0.9032258064516129,0.9354838709677419,0.967741935483871,0.0010405827263267429,0.06555671175858481,0.09781477627471384,0.13007284079084286,0.1623309053069719,0.19458896982310092,0.22684703433922995,0.259105098855359,0.291363163371488,0.32362122788761705,0.3558792924037461,0.3881373569198751,0.4203954214360041,0.45265348595213317,0.48491155046826223,0.5171696149843913,0.5494276795005203,0.5816857440166493,0.6462018730489074,0.6784599375650364,0.7429760665972945,0.8751300728407908,0.9427679500520291,0.522372528616025,0.5244536940686785,0.6243496357960457,0.011446409989594172,0.3631633714880333,0.6482830385015609,0.10301768990634755,0.4245577523413111,0.43080124869927156,0.23621227887617063,0.1383975026014568,0.4630593132154006,0.914672216441207
0.02702702702702703,0.05405405405405406,0.08108108108108109,0.10810810810810811,0.13513513513513514,0.16216216216216217,0.1891891891891892,0.24324324324324326,0.2702702702702703,0.2972972972972973,0.32432432432432434,0.35135135135135137,0.3783783783783784,0.40540540540540543,0.43243243243243246,0.4594594594594595,0.4864864864864865,0.5135135135135136,0.5405405405405406,0.5675675675675675,0.5945945945945946,0.6216216216216217,0.6486486486486487,0.6756756756756757,0.7027027027027027,0.7297297297297298,0.7567567567567568,0.7837837837837838,0.8108108108108109,0.8378378378378379,0.8918918918918919,0.918918918918919,0.945945945945946,0.972972972972973,0.0007304601899196494,0.027757487216946677,0.05478451424397371,0.08181154127100074,0.10883856829802777,0.1358655953250548,0.16289262235208182,0.18991964937910885,0.21694667640613588,0.2439737034331629,0.2710007304601899,0.29802775748721694,0.32505478451424397,0.379108838568298,0.40613586559532505,0.4601899196493791,0.08400292184075968,0.6530314097881665,0.4631117604090577,0.14024835646457268,0.7363038714390067,0.22279035792549307,0.005113221329437546,0.056245434623813005,0.11176040905770636,0.5434623813002192,0.5741417092768444,0.5734112490869248,0.6537618699780863,0.6011687363038715,0.9795471146822499
0.024390243902439025,0.04878048780487805,0.07317073170731708,0.0975609756097561,0.12195121951219512,0.14634146341463417,0.17073170731707318,0.21951219512195122,0.24390243902439024,0.2682926829268293,0.29268292682926833,0.3170731707317073,0.34146341463414637,0.36585365853658536,0.3902439024390244,0.41463414634146345,0.43902439024390244,0.4634146341463415,0.4878048780487805,0.5121951219512195,0.5365853658536586,0.5609756097560976,0.5853658536585367,0.6097560975609756,0.6341463414634146,0.6585365853658537,0.6829268292682927,0.7073170731707318,0.7317073170731707,0.7560975609756098,0.8048780487804879,0.8292682926829269,0.8536585365853658,0.8780487804878049,0.9024390243902439,0.926829268292683,0.951219512195122,0.975609756097561,0.000594883997620464,0.024985127900059488,0.04937537180249851,0.07376561570493755,0.09815585960737656,0.12254610350981558,0.14693634741225464,0.17132659131469366,0.19571683521713268,0.24449732302201072,0.26888756692444976,0.3176680547293278,0.6847114812611541,0.003569303985722784,0.9292088042831649,0.44259369422962525,0.7852468768590125,0.321832242712671,0.3206424747174301,0.7572873289708507,0.6121356335514575,0.09994051160023795,0.6389054134443783,0.735871505056514,0.9060083283759667,0.6632956573468174,0.005353955978584176
0.023255813953488372,0.046511627906976744,0.06976744186046512,0.09302325581395349,0.11627906976744186,0.13953488372093023,0.16279069767441862,0.20930232558139533,0.23255813953488372,0.2558139534883721,0.27906976744186046,0.3023255813953488,0.32558139534883723,0.3488372093023256,0.37209302325581395,0.3953488372093023,0.41860465116279066,0.4418604651162791,0.46511627906976744,0.4883720930232558,0.5116279069767442,0.5348837209302325,0.5581395348837209,0.5813953488372093,0.6046511627906976,0.627906976744186,0.6511627906976745,0.6744186046511628,0.6976744186046512,0.7209302325581395,0.7674418604651163,0.7906976744186046,0.813953488372093,0.8372093023255813,0.8604651162790697,0.8837209302325582,0.9069767441860465,0.9302325581395349,0.9534883720930233,0.9767441860465116,0.0005408328826392645,0.023796646836127637,0.04705246078961601,0.07030827474310437,0.09356408869659275,0.11681990265008112,0.1400757166035695,0.18658734451054623,0.2098431584640346,0.2563547863710114,0.513250405624662,0.7236343969713358,0.6998377501352082,0.1427798810167658,0.37641968631692807,0.9340183883180098,0.02650081124932396,0.6289886425094646,0.39751216873985934,0.9085992428339642,0.23688480259599784,0.3758788534342888,0.5846403461330449,0.2601406165494862,0.5857220118983234
0.02127659574468085,0.0425531914893617,0.06382978723404255,0.0851063829787234,0.10638297872340426,0.1276595744680851,0.14893617021276595,0.19148936170212766,0.2127659574468085,0.23404255319148937,0.2553191489361702,0.2765957446808511,0.2978723404255319,0.3191489361702128,0.3404255319148936,0.36170212765957444,0.3829787234042553,0.40425531914893614,0.425531914893617,0.44680851063829785,0.46808510638297873,0.48936170212765956,0.5106382978723404,0.5319148936170213,0.5531914893617021,0.5744680851063829,0.5957446808510638,0.6170212765957447,0.6382978723404256,0.6595744680851063,0.7021276595744681,0.7234042553191489,0.7446808510638298,0.7659574468085106,0.7872340425531915,0.8085106382978723,0.8297872340425532,0.851063829787234,0.8723404255319148,0.8936170212765957,0.9148936170212766,0.9361702127659575,0.9574468085106382,0.9787234042553191,0.0004526935264825713,0.02172928927116342,0.04300588501584427,0.08555907650520597,0.10683567224988683,0.14938886373924853,0.21412403802625624,0.23630602082390223,0.2996831145314622,0.6192847442281575,0.6627433227704843,0.25848800362154817,0.5129017655047532,0.4051607062019013,0.023087369850611137,0.5758261656858307,0.5350837483023992,0.7473970122227251,0.02399275690357628,0.5563603440470801,0.854232684472612
0.018867924528301886,0.03773584905660377,0.05660377358490566,0.07547169811320754,0.09433962264150943,0.11320754716981132,0.1320754716981132,0.16981132075471697,0.18867924528301885,0.20754716981132074,0.22641509433962265,0.24528301886792453,0.2641509433962264,0.2830188679245283,0.3018867924528302,0.32075471698113206,0.33962264150943394,0.3584905660377358,0.3773584905660377,0.3962264150943396,0.4150943396226415,0.43396226415094336,0.4528301886792453,0.4716981132075472,0.49056603773584906,0.5094339622641509,0.5283018867924528,0.5471698113207547,0.5660377358490566,0.5849056603773585,0.6226415094339622,0.6415094339622641,0.660377358490566,0.6792452830188679,0.6981132075471698,0.7169811320754716,0.7358490566037735,0.7547169811320754,0.7735849056603773,0.7924528301886792,0.8113207547169811,0.830188679245283,0.8490566037735848,0.8679245283018867,0.8867924528301886,0.9056603773584906,0.9245283018867925,0.9622641509433962,0.9811320754716981,0.01922392310430758,0.8497686009255963,0.6429334282662869,0.8123887504449981,0.9825560697757209,0.7945888216447133,0.4360982556069775,0.8882164471342113,0.1327874688501246,0.5671057315770737,0.17087931648273405,0.681381274474902,0.9829120683517266,0.34140263438946244,0.7002491990032039,0.9644001423994304
0.01694915254237288,0.03389830508474576,0.05084745762711865,0.06779661016949153,0.0847457627118644,0.1016949152542373,0.11864406779661017,0.15254237288135594,0.1694915254237288,0.1864406779661017,0.2033898305084746,0.22033898305084745,0.23728813559322035,0.2542372881355932,0.2711864406779661,0.288135593220339,0.3050847457627119,0.3220338983050847,0.3389830508474576,0.3559322033898305,0.3728813559322034,0.3898305084745763,0.4067796610169492,0.423728813559322,0.4406779661016949,0.4576271186440678,0.4745762711864407,0.4915254237288136,0.5084745762711864,0.5254237288135594,0.559322033898305,0.576271186440678,0.5932203389830508,0.6101694915254238,0.6271186440677966,0.6440677966101694,0.6610169491525424,0.6779661016949152,0.6949152542372882,0.711864406779661,0.7288135593220338,0.7457627118644068,0.7627118644067796,0.7796610169491526,0.7966101694915254,0.8135593220338984,0.8305084745762712,0.864406779661017,0.8813559322033898,0.9152542372881356,0.5598965814421143,0.17064062051134732,0.4245906348750359,0.4757253662740592,0.10341855788566505,0.7810973858086757,0.3909796035621948,0.9155415110600402,0.20425165182418847,0.8480321746624533,0.0017236426314277509,0.37431772479172654,0.7977592645791439,0.018672795173800633,0.255960930767021
0.01639344262295082,0.03278688524590164,0.04918032786885246,0.06557377049180328,0.0819672131147541,0.09836065573770492,0.11475409836065574,0.14754098360655737,0.1639344262295082,0.18032786885245902,0.19672131147540983,0.21311475409836067,0.22950819672131148,0.24590163934426232,0.26229508196721313,0.27868852459016397,0.29508196721311475,0.3114754098360656,0.3278688524590164,0.3442622950819672,0.36065573770491804,0.3770491803278689,0.39344262295081966,0.4098360655737705,0.42622950819672134,0.4426229508196722,0.45901639344262296,0.4754098360655738,0.49180327868852464,0.5081967213114754,0.5409836065573771,0.5573770491803279,0.5737704918032788,0.5901639344262295,0.6065573770491803,0.6229508196721312,0.639344262295082,0.6557377049180328,0.6721311475409837,0.6885245901639344,0.7049180327868853,0.7213114754098361,0.7377049180327869,0.7540983606557378,0.7704918032786886,0.7868852459016393,0.8032786885245902,0.8360655737704918,0.8524590163934427,0.8852459016393444,0.4759473259876378,0.033861865090029565,0.31228164471916153,0.32894383230314433,0.902983069067455,0.5915076592313894,0.24697661918839023,0.8527277613544747,0.09916689062080086,0.7546358505778017,0.80462241332975,0.19806503628056973,0.64041924213921,0.8210158559527009,0.050792797635044344
0.014925373134328358,0.029850746268656716,0.04477611940298507,0.05970149253731343,0.07462686567164178,0.08955223880597014,0.1044776119402985,0.13432835820895522,0.14925373134328357,0.16417910447761194,0.1791044776119403,0.19402985074626866,0.208955223880597,0.22388059701492538,0.23880597014925373,0.2537313432835821,0.26865671641791045,0.2835820895522388,0.29850746268656714,0.31343283582089554,0.3283582089552239,0.34328358208955223,0.3582089552238806,0.3731343283582089,0.3880597014925373,0.40298507462686567,0.417910447761194,0.43283582089552236,0.44776119402985076,0.4626865671641791,0.4925373134328358,0.5074626865671642,0.5223880597014925,0.5373134328358209,0.5522388059701493,0.5671641791044776,0.582089552238806,0.5970149253731343,0.6119402985074627,0.6268656716417911,0.6417910447761194,0.6567164179104478,0.6716417910447761,0.6865671641791045,0.7014925373134329,0.7164179104477612,0.7313432835820896,0.7611940298507462,0.7761194029850746,0.8059701492537313,0.25417687680997997,0.6723100913343728,0.01559367342392515,0.9409668077522833,0.3742481621742036,0.0906660726219648,0.8663399420806415,0.6867899309423033,0.8213410559144576,0.5079082200935621,0.28469592336823346,0.7322343506348853,0.22477166406772112,0.2996212965025618,0.5085765203831588
0.014084507042253521,0.028169014084507043,0.04225352112676056,0.056338028169014086,0.07042253521126761,0.08450704225352113,0.09859154929577466,0.1267605633802817,0.14084507042253522,0.15492957746478875,0.16901408450704225,0.18309859154929578,0.1971830985915493,0.2112676056338028,0.22535211267605634,0.23943661971830987,0.2535211267605634,0.26760563380281693,0.28169014084507044,0.29577464788732394,0.3098591549295775,0.323943661971831,0.3380281690140845,0.35211267605633806,0.36619718309859156,0.38028169014084506,0.3943661971830986,0.4084507042253521,0.4225352112676056,0.4366197183098592,0.4647887323943662,0.47887323943661975,0.49295774647887325,0.5070422535211268,0.5211267605633803,0.5352112676056339,0.5492957746478874,0.5633802816901409,0.5774647887323944,0.5915492957746479,0.6056338028169014,0.619718309859155,0.6338028169014085,0.647887323943662,0.6619718309859155,0.676056338028169,0.6901408450704225,0.7183098591549296,0.7323943661971831,0.7605633802816901,0.12715731005752826,0.46538385241023605,0.8454671692124578,0.7189049791707995,0.07141440190438406,0.8036103947629439,0.6484824439595319,0.5917476691132711,0.662368577663162,0.36659392977583816,0.9867089863122397,0.4655822257488593,0.9865106129736164,0.0009918666931164452,0.19817496528466574
0.0136986301369863,0.0273972602739726,0.0410958904109589,0.0547945205479452,0.0684931506849315,0.0821917808219178,0.0958904109589041,0.1232876712328767,0.136986301369863,0.1506849315068493,0.1643835616438356,0.1780821917808219,0.1917808219178082,0.2054794520547945,0.2191780821917808,0.2328767123287671,0.2465753424657534,0.2602739726027397,0.273972602739726,0.2876712328767123,0.3013698630136986,0.3150684931506849,0.3287671232876712,0.3424657534246575,0.3561643835616438,0.3698630136986301,0.3835616438356164,0.3972602739726027,0.410958904109589,0.4246575342465753,0.4520547945205479,0.4657534246575342,0.4794520547945205,0.4931506849315068,0.5068493150684932,0.5205479452054794,0.5342465753424657,0.547945205479452,0.5616438356164384,0.5753424657534246,0.5890410958904109,0.6027397260273972,0.6164383561643836,0.6301369863013698,0.6438356164383561,0.6575342465753424,0.6712328767123288,0.6986301369863013,0.7123287671232876,0.7397260273972602,0.06886845562019141,0.37042597110152,0.7674985926064928,0.6170013135672734,0.9322574591855882,0.6719834865828486,0.5485081628823418,0.548132857947082,0.5894164008256708,0.3017451679489585,0.8500656783636704,0.3432163632951773,0.877275286170013,0.8637643085006567,0.05573278288609495
0.012658227848101266,0.02531645569620253,0.0379746835443038,0.05063291139240506,0.06329113924050633,0.0759493670886076,0.08860759493670886,0.11392405063291139,0.12658227848101267,0.13924050632911392,0.1518987341772152,0.16455696202531644,0.17721518987341772,0.18987341772151897,0.20253164556962025,0.21518987341772153,0.22784810126582278,0.24050632911392406,0.25316455696202533,0.26582278481012656,0.27848101265822783,0.2911392405063291,0.3037974683544304,0.31645569620253167,0.3291139240506329,0.34177215189873417,0.35443037974683544,0.3670886075949367,0.37974683544303794,0.3924050632911392,0.4177215189873418,0.43037974683544306,0.4430379746835443,0.45569620253164556,0.46835443037974683,0.4810126582278481,0.49367088607594933,0.5063291139240507,0.5189873417721519,0.5316455696202531,0.5443037974683544,0.5569620253164557,0.569620253164557,0.5822784810126582,0.5949367088607594,0.6075949367088608,0.620253164556962,0.6455696202531646,0.6582278481012658,0.6835443037974683,0.9115526357955456,0.11440474282967472,0.5572824867809646,0.3422528440954975,0.5576029482454734,0.31709661913154946,0.27896170485499117,0.4305399775676975,0.3927255247556481,0.12690273994552156,0.4816535811568659,0.01329915077711905,0.5827591732094216,0.49431180900496713,0.6715269988783849
0.012048192771084338,0.024096385542168676,0.03614457831325302,0.04819277108433735,0.060240963855421686,0.07228915662650603,0.08433734939759037,0.10843373493975904,0.12048192771084337,0.13253012048192772,0.14457831325301207,0.1566265060240964,0.16867469879518074,0.18072289156626506,0.1927710843373494,0.20481927710843376,0.21686746987951808,0.22891566265060243,0.24096385542168675,0.2530120481927711,0.26506024096385544,0.27710843373493976,0.28915662650602414,0.30120481927710846,0.3132530120481928,0.3253012048192771,0.3373493975903615,0.3493975903614458,0.3614457831325301,0.3734939759036145,0.39759036144578314,0.4096385542168675,0.42168674698795183,0.43373493975903615,0.44578313253012053,0.45783132530120485,0.46987951807228917,0.4819277108433735,0.49397590361445787,0.5060240963855422,0.5180722891566265,0.5301204819277109,0.5421686746987953,0.5542168674698795,0.5662650602409639,0.5783132530120483,0.5903614457831325,0.6144578313253012,0.6265060240963856,0.6506024096385542,0.8194222673827842,0.9641457395848454,0.43402525765713457,0.18115836841341268,0.3379300333865583,0.10901437073595588,0.12091740455799099,0.3615909420815793,0.2773987516330382,0.024386703440267093,0.26564087676005227,0.8197125852808826,0.41007403106401513,0.2776890695311366,0.44636376832631736
0.011235955056179775,0.02247191011235955,0.033707865168539325,0.0449438202247191,0.056179775280898875,0.06741573033707865,0.07865168539325842,0.10112359550561797,0.11235955056179775,0.12359550561797752,0.1348314606741573,0.14606741573033707,0.15730337078651685,0.16853932584269662,0.1797752808988764,0.19101123595505617,0.20224719101123595,0.21348314606741572,0.2247191011235955,0.23595505617977527,0.24719101123595505,0.2584269662921348,0.2696629213483146,0.2808988764044944,0.29213483146067415,0.3033707865168539,0.3146067415730337,0.3258426966292135,0.33707865168539325,0.348314606741573,0.3707865168539326,0.38202247191011235,0.3932584269662921,0.4044943820224719,0.4157303370786517,0.42696629213483145,0.4382022471910112,0.449438202247191,0.4606741573033708,0.47191011235955055,0.4831460674157303,0.4943820224719101,0.5056179775280899,0.5168539325842696,0.5280898876404494,0.5393258426966292,0.550561797752809,0.5730337078651685,0.5842696629213483,0.6067415730337078,0.6967554601691704,0.7642974371922737,0.26991541472036357,0.9665446282035096,0.04544880696881707,0.8318394142153769,0.9103648529226108,0.2697891680343391,0.1238479989900265,0.8877666961242267,0.9779068299457139,0.5621764928670623,0.18015402095694988,0.9891427850018937,0.14657240247443504
0.010309278350515464,0.020618556701030927,0.030927835051546393,0.041237113402061855,0.05154639175257732,0.061855670103092786,0.07216494845360824,0.09278350515463918,0.10309278350515463,0.1134020618556701,0.12371134020618557,0.13402061855670103,0.14432989690721648,0.15463917525773196,0.16494845360824742,0.17525773195876287,0.18556701030927836,0.1958762886597938,0.20618556701030927,0.21649484536082475,0.2268041237113402,0.23711340206185566,0.24742268041237114,0.25773195876288657,0.26804123711340205,0.27835051546391754,0.28865979381443296,0.29896907216494845,0.30927835051546393,0.31958762886597936,0.3402061855670103,0.35051546391752575,0.36082474226804123,0.3711340206185567,0.38144329896907214,0.3917525773195876,0.4020618556701031,0.41237113402061853,0.422680412371134,0.4329896907216495,0.44329896907216493,0.4536082474226804,0.4639175257731959,0.4742268041237113,0.4845360824742268,0.4948453608247423,0.5051546391752577,0.5257731958762887,0.5360824742268041,0.5567010309278351,0.5568073121479434,0.5362950366670209,0.08268678924434052,0.7218620469762993,0.7116590498458922,0.5157827611860983,0.6703156552237219,0.16505473482835584,0.948559889467531,0.7320650441067063,0.6498033797427994,0.26836008077372725,0.9177383356360931,0.6601126580933149,0.8044425550005314
0.009900990099009901,0.019801980198019802,0.0297029702970297,0.039603960396039604,0.04950495049504951,0.0594059405940594,0.06930693069306931,0.0891089108910891,0.09900990099009901,0.10891089108910891,0.1188118811881188,0.12871287128712872,0.13861386138613863,0.1485148514851485,0.15841584158415842,0.16831683168316833,0.1782178217821782,0.18811881188118812,0.19801980198019803,0.2079207920792079,0.21782178217821782,0.22772277227722773,0.2376237623762376,0.24752475247524752,0.25742574257425743,0.26732673267326734,0.27722772277227725,0.2871287128712871,0.297029702970297,0.3069306930693069,0.32673267326732675,0.33663366336633666,0.34653465346534656,0.3564356435643564,0.36633663366336633,0.37623762376237624,0.38613861386138615,0.39603960396039606,0.40594059405940597,0.4158415841584158,0.42574257425742573,0.43564356435643564,0.44554455445544555,0.45544554455445546,0.46534653465346537,0.4752475247524752,0.48514851485148514,0.504950495049505,0.5148514851485149,0.5346534653465347,0.49514753455543575,0.435839623566317,0.0001960592098813842,0.6140574453484953,0.5646505244583865,0.3765317125771983,0.5645524948534458,0.1189099107930595,0.8713851583178119,0.663464366238604,0.505244583864327,0.1389079502009607,0.8021762572296834,0.5151455739633369,0.6537594353494756
0.009708737864077669,0.019417475728155338,0.029126213592233007,0.038834951456310676,0.04854368932038834,0.058252427184466014,0.06796116504854369,0.08737864077669902,0.09708737864077668,0.10679611650485436,0.11650485436893203,0.1262135922330097,0.13592233009708737,0.14563106796116504,0.1553398058252427,0.16504854368932037,0.17475728155339804,0.1844660194174757,0.19417475728155337,0.20388349514563106,0.21359223300970873,0.2233009708737864,0.23300970873786406,0.24271844660194172,0.2524271844660194,0.2621359223300971,0.27184466019417475,0.2815533980582524,0.2912621359223301,0.30097087378640774,0.3203883495145631,0.33009708737864074,0.3398058252427184,0.3495145631067961,0.35922330097087374,0.3689320388349514,0.37864077669902907,0.38834951456310673,0.39805825242718446,0.4077669902912621,0.4174757281553398,0.42718446601941745,0.4368932038834951,0.4466019417475728,0.45631067961165045,0.4660194174757281,0.4757281553398058,0.4951456310679611,0.5048543689320388,0.5242718446601942,0.4661136770666415,0.3885380337449335,0.9612593081346026,0.5632953152983315,0.49542840984070124,0.31096239042322554,0.5147516259779432,0.09718163823169006,0.8350457159015929,0.6311622207559618,0.43717598265623525,0.07795268168536149,0.7477613347158072,0.4468847205203129,0.5828070506174002
0.009345794392523364,0.018691588785046728,0.02803738317757009,0.037383177570093455,0.04672897196261682,0.05607476635514018,0.06542056074766354,0.08411214953271028,0.09345794392523364,0.102803738317757,0.11214953271028036,0.12149532710280372,0.1308411214953271,0.14018691588785046,0.14953271028037382,0.1588785046728972,0.16822429906542055,0.17757009345794392,0.18691588785046728,0.19626168224299065,0.205607476635514,0.21495327102803738,0.22429906542056072,0.23364485981308408,0.24299065420560745,0.2523364485981308,0.2616822429906542,0.27102803738317754,0.2803738317757009,0.2897196261682243,0.308411214953271,0.3177570093457944,0.32710280373831774,0.3364485981308411,0.34579439252336447,0.35514018691588783,0.3644859813084112,0.37383177570093457,0.38317757009345793,0.3925233644859813,0.40186915887850466,0.411214953271028,0.4205607476635514,0.42990654205607476,0.4392523364485981,0.44859813084112143,0.4579439252336448,0.47663551401869153,0.4859813084112149,0.5046728971962616,0.41130229714385536,0.2992401083064023,0.8879378111625469,0.4674644073718228,0.3647480129268932,0.18717791946894924,0.42073543540920605,0.0561621102279675,0.7664424840597431,0.5701808018167525,0.308673246571753,0.9627915101755611,0.6450345008297668,0.31801904096427636,0.4488601624596034
0.009174311926605505,0.01834862385321101,0.027522935779816515,0.03669724770642202,0.045871559633027525,0.05504587155963303,0.06422018348623854,0.08256880733944955,0.09174311926605505,0.10091743119266056,0.11009174311926606,0.11926605504587157,0.12844036697247707,0.13761467889908258,0.14678899082568808,0.1559633027522936,0.1651376146788991,0.1743119266055046,0.1834862385321101,0.1926605504587156,0.2018348623853211,0.21100917431192662,0.22018348623853212,0.22935779816513763,0.23853211009174313,0.24770642201834864,0.25688073394495414,0.26605504587155965,0.27522935779816515,0.28440366972477066,0.30275229357798167,0.3119266055045872,0.3211009174311927,0.3302752293577982,0.3394495412844037,0.3486238532110092,0.3577981651376147,0.3669724770642202,0.3761467889908257,0.3853211009174312,0.3944954128440367,0.4036697247706422,0.41284403669724773,0.42201834862385323,0.43119266055045874,0.44036697247706424,0.44954128440366975,0.46788990825688076,0.47706422018348627,0.4954128440366973,0.38540526891675786,0.25704906994360743,0.8532951771736386,0.4221866846225065,0.30300479757596166,0.12869287097045704,0.376315124989479,0.03678141570574868,0.734029122127767,0.5413685716690515,0.2479589260163286,0.9084252167325984,0.5964986112280111,0.25713323794293413,0.3855736049154112
0.008849557522123894,0.017699115044247787,0.02654867256637168,0.035398230088495575,0.04424778761061947,0.05309734513274336,0.061946902654867256,0.07964601769911504,0.08849557522123894,0.09734513274336283,0.10619469026548672,0.11504424778761062,0.12389380530973451,0.1327433628318584,0.1415929203539823,0.1504424778761062,0.1592920353982301,0.16814159292035397,0.17699115044247787,0.18584070796460178,0.19469026548672566,0.20353982300884954,0.21238938053097345,0.22123893805309736,0.23008849557522124,0.23893805309734512,0.24778761061946902,0.25663716814159293,0.2654867256637168,0.2743362831858407,0.2920353982300885,0.3008849557522124,0.30973451327433627,0.3185840707964602,0.3274336283185841,0.33628318584070793,0.34513274336283184,0.35398230088495575,0.36283185840707965,0.37168141592920356,0.3805309734513274,0.3893805309734513,0.39823008849557523,0.4070796460176991,0.415929203539823,0.4247787610619469,0.4336283185840708,0.45132743362831856,0.46017699115044247,0.47787610619469023,0.3363615005090453,0.17714777977915264,0.787688934137364,0.3364398151773827,0.18607565196961393,0.017934059049259925,0.29219202756676327,7.831466833737959e-5,0.6726446863497533,0.4868039783851515,0.13297830683687054,0.8054663638499491,0.5045814080977367,0.14182786435899444,0.2657216696687289
0.007874015748031496,0.015748031496062992,0.023622047244094488,0.031496062992125984,0.03937007874015748,0.047244094488188976,0.05511811023622047,0.07086614173228346,0.07874015748031496,0.08661417322834646,0.09448818897637795,0.10236220472440945,0.11023622047244094,0.11811023622047244,0.12598425196850394,0.13385826771653542,0.14173228346456693,0.14960629921259844,0.15748031496062992,0.1653543307086614,0.1732283464566929,0.18110236220472442,0.1889763779527559,0.19685039370078738,0.2047244094488189,0.2125984251968504,0.2204724409448819,0.22834645669291337,0.23622047244094488,0.2440944881889764,0.25984251968503935,0.26771653543307083,0.2755905511811024,0.28346456692913385,0.29133858267716534,0.2992125984251969,0.30708661417322836,0.31496062992125984,0.3228346456692913,0.3307086614173228,0.33858267716535434,0.3464566929133858,0.3543307086614173,0.36220472440944884,0.3700787401574803,0.3779527559055118,0.3858267716535433,0.4015748031496063,0.4094488188976378,0.4251968503937008,0.18903837807675616,0.9370698741397483,0.5906131812263624,0.07886415772831545,0.8347696695393391,0.6851633703267407,0.039494078988157974,0.889763779527559,0.48825097650195304,0.3228966457932916,0.7875255750511501,0.4961869923739848,0.22847045694091386,0.7953995907991817,0.9056358112716225
0.007633587786259542,0.015267175572519083,0.022900763358778626,0.030534351145038167,0.03816793893129771,0.04580152671755725,0.05343511450381679,0.06870229007633588,0.07633587786259542,0.08396946564885496,0.0916030534351145,0.09923664122137404,0.10687022900763359,0.11450381679389313,0.12213740458015267,0.1297709923664122,0.13740458015267176,0.1450381679389313,0.15267175572519084,0.16030534351145037,0.16793893129770993,0.17557251908396945,0.183206106870229,0.19083969465648853,0.1984732824427481,0.20610687022900762,0.21374045801526717,0.2213740458015267,0.22900763358778625,0.23664122137404578,0.25190839694656486,0.2595419847328244,0.26717557251908397,0.2748091603053435,0.282442748091603,0.2900763358778626,0.29770992366412213,0.3053435114503817,0.3129770992366412,0.32061068702290074,0.3282442748091603,0.33587786259541985,0.34351145038167935,0.3511450381679389,0.35877862595419846,0.366412213740458,0.37404580152671757,0.3893129770992366,0.3969465648854962,0.41221374045801523,0.15273002738768138,0.8779208670823379,0.542043004486918,0.015383718897500145,0.7482081463784162,0.6031699784394848,0.9771575083037118,0.8625954198473282,0.4428063632655439,0.28250101975409353,0.7024066196608588,0.41996387156925585,0.16042188683643144,0.7100402074471184,0.8169104364547519
0.0072992700729927005,0.014598540145985401,0.021897810218978103,0.029197080291970802,0.0364963503649635,0.043795620437956206,0.051094890510948905,0.06569343065693431,0.072992700729927,0.08029197080291971,0.08759124087591241,0.0948905109489051,0.10218978102189781,0.1094890510948905,0.11678832116788321,0.12408759124087591,0.13138686131386862,0.1386861313868613,0.145985401459854,0.15328467153284672,0.16058394160583941,0.1678832116788321,0.17518248175182483,0.18248175182481752,0.1897810218978102,0.1970802919708029,0.20437956204379562,0.2116788321167883,0.218978102189781,0.22627737226277372,0.2408759124087591,0.24817518248175183,0.2554744525547445,0.26277372262773724,0.27007299270072993,0.2773722627737226,0.2846715328467153,0.291970802919708,0.2992700729927007,0.30656934306569344,0.31386861313868614,0.32116788321167883,0.3284671532846715,0.3357664233576642,0.3430656934306569,0.35036496350364965,0.35766423357664234,0.3722627737226277,0.3795620437956204,0.3941605839416058,0.1022430603654963,0.7956737172998029,0.474505834088124,0.9270605786136714,0.6278437849645693,0.4891576535777079,0.890564228248708,0.8248175182481752,0.3796153231392189,0.22633065160637222,0.584048164526613,0.31397517182588314,0.06579998934413128,0.5913474345996057,0.6935372156215035
0.007194244604316547,0.014388489208633094,0.02158273381294964,0.02877697841726619,0.03597122302158273,0.04316546762589928,0.05035971223021583,0.06474820143884892,0.07194244604316546,0.07913669064748202,0.08633093525179857,0.09352517985611511,0.10071942446043167,0.10791366906474821,0.11510791366906475,0.1223021582733813,0.12949640287769784,0.1366906474820144,0.14388489208633093,0.1510791366906475,0.15827338129496404,0.16546762589928057,0.17266187050359713,0.1798561151079137,0.18705035971223022,0.19424460431654678,0.20143884892086333,0.20863309352517986,0.21582733812949642,0.22302158273381295,0.23741007194244607,0.2446043165467626,0.2517985611510791,0.2589928057553957,0.26618705035971224,0.2733812949640288,0.28057553956834536,0.28776978417266186,0.2949640287769784,0.302158273381295,0.30935251798561153,0.3165467625899281,0.32374100719424465,0.33093525179856115,0.3381294964028777,0.34532374100719426,0.3525179856115108,0.3669064748201439,0.37410071942446044,0.38848920863309355,0.0863826924072253,0.7698359298172972,0.45328916722736917,0.8993323326949951,0.5900315718648103,0.45334092438279594,0.8633611096734124,0.8129496402877698,0.3597639873712541,0.2086848506806066,0.546866104238911,0.28067905387919884,0.036074737332436206,0.5540603488432275,0.6547797733036592
0.006711409395973154,0.013422818791946308,0.020134228187919462,0.026845637583892617,0.03355704697986577,0.040268456375838924,0.04697986577181208,0.060402684563758385,0.06711409395973154,0.0738255033557047,0.08053691275167785,0.087248322147651,0.09395973154362416,0.10067114093959731,0.10738255033557047,0.11409395973154363,0.12080536912751677,0.12751677852348994,0.1342281879194631,0.14093959731543623,0.1476510067114094,0.15436241610738255,0.1610738255033557,0.16778523489932887,0.174496644295302,0.18120805369127516,0.18791946308724833,0.19463087248322147,0.20134228187919462,0.2080536912751678,0.22147651006711408,0.22818791946308725,0.2348993288590604,0.24161073825503354,0.2483221476510067,0.2550335570469799,0.26174496644295303,0.2684563758389262,0.2751677852348993,0.28187919463087246,0.2885906040268456,0.2953020134228188,0.30201342281879195,0.3087248322147651,0.31543624161073824,0.3221476510067114,0.32885906040268453,0.3422818791946309,0.348993288590604,0.3624161073825503,0.013467861808026666,0.6510517544254762,0.35574974100265755,0.7718571235529931,0.4161974685824963,0.2886806900590063,0.7383000765731272,0.7583892617449665,0.26850141885500656,0.1275618215395703,0.37592901220665736,0.12760686455565065,0.899373902076483,0.3826404216026305,0.47660015314625465
0.006622516556291391,0.013245033112582781,0.019867549668874173,0.026490066225165563,0.033112582781456956,0.039735099337748346,0.046357615894039736,0.059602649006622516,0.06622516556291391,0.0728476821192053,0.07947019867549669,0.08609271523178808,0.09271523178807947,0.09933774834437085,0.10596026490066225,0.11258278145695365,0.11920529801324503,0.12582781456953643,0.13245033112582782,0.1390728476821192,0.1456953642384106,0.152317880794702,0.15894039735099338,0.16556291390728478,0.17218543046357615,0.17880794701986755,0.18543046357615894,0.19205298013245034,0.1986754966887417,0.2052980132450331,0.2185430463576159,0.2251655629139073,0.23178807947019867,0.23841059602649006,0.24503311258278146,0.25165562913907286,0.2582781456953642,0.26490066225165565,0.271523178807947,0.2781456953642384,0.2847682119205298,0.2913907284768212,0.2980132450331126,0.304635761589404,0.31125827814569534,0.31788079470198677,0.32450331125827814,0.33774834437086093,0.3443708609271523,0.3576158940397351,4.385772553835358e-5,0.6291829305732205,0.33779220209639926,0.7483882285864656,0.3841936757159774,0.25836586114644094,0.7152756458050086,0.7483443708609272,0.2516994868646112,0.11262663918249201,0.344458576378229,0.09942546379544756,0.874216043156002,0.35108109293452044,0.4437963247225999
0.006369426751592357,0.012738853503184714,0.019108280254777073,0.025477707006369428,0.03184713375796178,0.038216560509554146,0.0445859872611465,0.05732484076433121,0.06369426751592357,0.07006369426751592,0.07643312101910829,0.08280254777070065,0.089171974522293,0.09554140127388536,0.10191082802547771,0.10828025477707007,0.11464968152866242,0.12101910828025478,0.12738853503184713,0.1337579617834395,0.14012738853503184,0.1464968152866242,0.15286624203821658,0.15923566878980894,0.1656050955414013,0.17197452229299365,0.178343949044586,0.18471337579617836,0.1910828025477707,0.19745222929936307,0.21019108280254778,0.21656050955414013,0.2229299363057325,0.22929936305732485,0.2356687898089172,0.24203821656050956,0.2484076433121019,0.25477707006369427,0.2611464968152866,0.267515923566879,0.27388535031847133,0.2802547770700637,0.28662420382165604,0.2929936305732484,0.29936305732484075,0.30573248407643316,0.3121019108280255,0.32484076433121023,0.3312101910828026,0.3439490445859873,0.9617834394904459,0.5669195504888637,0.2866647734187999,0.6815692320175262,0.2930747697675362,0.17205566148728144,0.6497220982595644,0.7197452229299364,0.20386222564809933,0.07010426386465982,0.2548582092579821,0.019189419449064875,0.8025883402977809,0.26122763600957444,0.35039961053186747
0.006134969325153374,0.012269938650306749,0.018404907975460124,0.024539877300613498,0.03067484662576687,0.03680981595092025,0.04294478527607362,0.05521472392638037,0.06134969325153374,0.06748466257668712,0.0736196319018405,0.07975460122699386,0.08588957055214724,0.09202453987730061,0.09815950920245399,0.10429447852760737,0.11042944785276074,0.11656441717791412,0.12269938650306748,0.12883435582822086,0.13496932515337423,0.1411042944785276,0.147239263803681,0.15337423312883436,0.15950920245398773,0.16564417177914112,0.17177914110429449,0.17791411042944785,0.18404907975460122,0.1901840490797546,0.20245398773006135,0.20858895705521474,0.2147239263803681,0.22085889570552147,0.22699386503067484,0.23312883435582823,0.2392638036809816,0.24539877300613497,0.25153374233128833,0.25766871165644173,0.2638036809815951,0.26993865030674846,0.27607361963190186,0.2822085889570552,0.2883435582822086,0.294478527607362,0.3006134969325153,0.3128834355828221,0.31901840490797545,0.33128834355828224,0.9263803680981595,0.5092400918363507,0.23930144152960217,0.6196695396891113,0.20866423275245588,0.09209981557454175,0.5889946930633445,0.6932515337423313,0.1595468403026083,0.030712484474387444,0.17185441680153563,0.9448229139222402,0.7362339568670254,0.177989386126689,0.26387895667883626
0.005988023952095809,0.011976047904191617,0.017964071856287428,0.023952095808383235,0.029940119760479042,0.035928143712574856,0.04191616766467066,0.05389221556886228,0.059880239520958084,0.0658682634730539,0.07185628742514971,0.07784431137724551,0.08383233532934133,0.08982035928143713,0.09580838323353294,0.10179640718562875,0.10778443113772455,0.11377245508982037,0.11976047904191617,0.125748502994012,0.1317365269461078,0.1377245508982036,0.14371257485029942,0.14970059880239522,0.15568862275449102,0.16167664670658682,0.16766467065868265,0.17365269461077845,0.17964071856287425,0.18562874251497008,0.19760479041916168,0.2035928143712575,0.2095808383233533,0.2155688622754491,0.22155688622754494,0.22754491017964074,0.23353293413173654,0.23952095808383234,0.24550898203592816,0.251497005988024,0.2574850299401198,0.2634730538922156,0.2694610778443114,0.2754491017964072,0.281437125748503,0.28742514970059885,0.29341317365269465,0.30538922155688625,0.31137724550898205,0.32335329341317365,0.9041916167664671,0.4730897486464197,0.2096166947542042,0.5808741797841444,0.15576033561619276,0.04198788052637241,0.5509340600236653,0.6766467065868264,0.13177238337695868,0.006023880382946682,0.11983219190361791,0.8982394492452223,0.6946466348739647,0.12582021585571374,0.20965255118505505
0.005780346820809248,0.011560693641618497,0.017341040462427744,0.023121387283236993,0.028901734104046242,0.03468208092485549,0.04046242774566474,0.05202312138728323,0.057803468208092484,0.06358381502890173,0.06936416184971098,0.07514450867052022,0.08092485549132948,0.08670520231213873,0.09248554913294797,0.09826589595375722,0.10404624277456646,0.10982658959537572,0.11560693641618497,0.12138728323699421,0.12716763005780346,0.1329479768786127,0.13872832369942195,0.1445086705202312,0.15028901734104044,0.15606936416184972,0.16184971098265896,0.1676300578034682,0.17341040462427745,0.1791907514450867,0.1907514450867052,0.19653179190751444,0.20231213872832368,0.20809248554913293,0.21387283236994217,0.21965317919075145,0.2254335260115607,0.23121387283236994,0.23699421965317918,0.24277456647398843,0.24855491329479767,0.2543352601156069,0.26011560693641617,0.2658959537572254,0.27167630057803466,0.2774566473988439,0.28323699421965315,0.29479768786127164,0.3005780346820809,0.31213872832369943,0.8728323699421965,0.4219987303284439,0.16766347021283703,0.5260449731030105,0.08099168031006716,0.9711316783053225,0.4971432389989642,0.653179190751445,0.09251896154231681,0.9710982658959537,0.04630959938521167,0.8324033546059005,0.6358715626983862,0.052089946206020914,0.1330148016973504
0.00558659217877095,0.0111731843575419,0.01675977653631285,0.0223463687150838,0.02793296089385475,0.0335195530726257,0.03910614525139665,0.05027932960893855,0.0558659217877095,0.06145251396648045,0.0670391061452514,0.07262569832402235,0.0782122905027933,0.08379888268156425,0.0893854748603352,0.09497206703910614,0.1005586592178771,0.10614525139664804,0.111731843575419,0.11731843575418995,0.1229050279329609,0.12849162011173185,0.1340782122905028,0.13966480446927373,0.1452513966480447,0.15083798882681565,0.1564245810055866,0.16201117318435754,0.1675977653631285,0.17318435754189945,0.18435754189944134,0.18994413407821228,0.19553072625698326,0.2011173184357542,0.20670391061452514,0.2122905027932961,0.21787709497206706,0.223463687150838,0.22905027932960895,0.2346368715083799,0.24022346368715083,0.2458100558659218,0.25139664804469275,0.2569832402234637,0.26256983240223464,0.2681564245810056,0.2737430167597765,0.28491620111731847,0.2905027932960894,0.3016759776536313,0.8435754189944135,0.3743328859898255,0.12852283012390375,0.4748915452077026,0.011235604381885709,0.9050591429730658,0.4469585843138479,0.6312849162011174,0.05589713179988141,0.9385474860335196,0.9776848412970881,0.770980930682563,0.5810367966043507,0.9832714334758591,0.061514933990824264
0.0055248618784530384,0.011049723756906077,0.016574585635359115,0.022099447513812154,0.027624309392265192,0.03314917127071823,0.03867403314917127,0.049723756906077346,0.055248618784530384,0.06077348066298342,0.06629834254143646,0.0718232044198895,0.07734806629834254,0.08287292817679558,0.08839779005524862,0.09392265193370165,0.09944751381215469,0.10497237569060773,0.11049723756906077,0.11602209944751381,0.12154696132596685,0.1270718232044199,0.13259668508287292,0.13812154696132595,0.143646408839779,0.14917127071823205,0.15469613259668508,0.1602209944751381,0.16574585635359115,0.1712707182320442,0.18232044198895025,0.1878453038674033,0.19337016574585636,0.19889502762430938,0.2044198895027624,0.20994475138121546,0.2154696132596685,0.22099447513812154,0.22651933701657456,0.23204419889502761,0.23756906077348067,0.2430939226519337,0.24861878453038672,0.2541436464088398,0.2596685082872928,0.26519337016574585,0.27071823204419887,0.281767955801105,0.287292817679558,0.2983425414364641,0.8342541436464088,0.35914654619822345,0.11605262354628978,0.45859406001037817,0.9889808003418699,0.8840084246512622,0.430969750618113,0.6243093922651933,0.04422941912640029,0.9281767955801105,0.9558316290711517,0.7514117395683892,0.563566435700986,0.9613564909496047,0.03873508134672324
0.005235602094240838,0.010471204188481676,0.015706806282722516,0.020942408376963352,0.02617801047120419,0.03141361256544503,0.03664921465968587,0.04712041884816754,0.05235602094240838,0.05759162303664922,0.06282722513089006,0.06806282722513089,0.07329842931937174,0.07853403141361257,0.08376963350785341,0.08900523560209425,0.09424083769633508,0.09947643979057592,0.10471204188481675,0.1099476439790576,0.11518324607329844,0.12041884816753927,0.12565445026178013,0.13089005235602094,0.13612565445026178,0.14136125654450263,0.14659685863874347,0.15183246073298431,0.15706806282722513,0.16230366492146597,0.17277486910994766,0.1780104712041885,0.18324607329842932,0.18848167539267016,0.193717277486911,0.19895287958115185,0.2041884816753927,0.2094240837696335,0.21465968586387435,0.2198952879581152,0.22513089005235604,0.23036649214659688,0.23560209424083772,0.24083769633507854,0.24607329842931938,0.25130890052356025,0.25654450261780104,0.2670157068062827,0.27225130890052357,0.28272251308900526,0.7905759162303665,0.2879855267125353,0.05761903456593844,0.38222636440887037,0.8848441654559909,0.7853677256654149,0.3560483539376662,0.5916230366492147,0.9895287958115184,0.8795811518324608,0.8534305528905458,0.6597132754036348,0.4817028041994463,0.8586661549847866,0.9319645843041584
0.0051813471502590676,0.010362694300518135,0.015544041450777202,0.02072538860103627,0.02590673575129534,0.031088082901554404,0.036269430051813475,0.046632124352331605,0.05181347150259068,0.05699481865284974,0.06217616580310881,0.06735751295336788,0.07253886010362695,0.07772020725388601,0.08290155440414508,0.08808290155440415,0.09326424870466321,0.09844559585492228,0.10362694300518135,0.10880829015544041,0.11398963730569948,0.11917098445595856,0.12435233160621761,0.1295336787564767,0.13471502590673576,0.13989637305699482,0.1450777202072539,0.15025906735751296,0.15544041450777202,0.1606217616580311,0.17098445595854922,0.1761658031088083,0.18134715025906736,0.18652849740932642,0.1917098445595855,0.19689119170984457,0.20207253886010362,0.2072538860103627,0.21243523316062177,0.21761658031088082,0.2227979274611399,0.22797927461139897,0.23316062176165803,0.2383419689119171,0.24352331606217617,0.24870466321243523,0.2538860103626943,0.26424870466321243,0.2694300518134715,0.27979274611398963,0.7823834196891192,0.2746382453220221,0.0466589707106231,0.3679024940266853,0.8653118204515559,0.7668662245966336,0.3419957582753899,0.5854922279792746,0.9792746113989638,0.8704663212435233,0.8342237375500015,0.642513892990416,0.46634808988160753,0.8394050847002604,0.9119439448038874
0.005076142131979695,0.01015228426395939,0.015228426395939085,0.02030456852791878,0.025380710659898477,0.03045685279187817,0.035532994923857864,0.04568527918781726,0.050761421319796954,0.055837563451776644,0.06091370558375634,0.06598984771573603,0.07106598984771573,0.07614213197969542,0.08121827411167512,0.08629441624365482,0.09137055837563451,0.09644670050761421,0.10152284263959391,0.10659898477157359,0.11167512690355329,0.11675126903553298,0.12182741116751268,0.12690355329949238,0.13197969543147206,0.13705583756345177,0.14213197969543145,0.14720812182741116,0.15228426395939085,0.15736040609137056,0.16751269035532992,0.17258883248730963,0.17766497461928932,0.18274111675126903,0.1878172588832487,0.19289340101522842,0.1979695431472081,0.20304568527918782,0.2081218274111675,0.21319796954314718,0.2182741116751269,0.22335025380710657,0.22842639593908629,0.23350253807106597,0.23857868020304568,0.24365482233502536,0.24873096446700504,0.25888324873096447,0.2639593908629441,0.27411167512690354,0.766497461928934,0.2487567316859491,0.025406477878842537,0.3401272900615836,0.8274369347316344,0.7309902342240202,0.31474657940168516,0.5736040609137055,0.9593908629441623,0.8527918781725887,0.7969800819397562,0.6091628230565075,0.4365739905691978,0.8020562240717359,0.8731222139194517
0.005025125628140704,0.010050251256281407,0.01507537688442211,0.020100502512562814,0.02512562814070352,0.03015075376884422,0.035175879396984924,0.04522613065326633,0.05025125628140704,0.05527638190954774,0.06030150753768844,0.06532663316582915,0.07035175879396985,0.07537688442211056,0.08040201005025126,0.08542713567839195,0.09045226130653267,0.09547738693467336,0.10050251256281408,0.10552763819095477,0.11055276381909548,0.11557788944723618,0.12060301507537688,0.12562814070351758,0.1306532663316583,0.135678391959799,0.1407035175879397,0.1457286432160804,0.15075376884422112,0.15577889447236182,0.1658291457286432,0.1708542713567839,0.17587939698492464,0.18090452261306533,0.18592964824120603,0.19095477386934673,0.19597989949748745,0.20100502512562815,0.20603015075376885,0.21105527638190955,0.21608040201005024,0.22110552763819097,0.22613065326633167,0.23115577889447236,0.23618090452261306,0.24120603015075376,0.24623115577889448,0.2562814070351759,0.2613065326633166,0.271356783919598,0.7587939698492463,0.23620615641019166,0.015100628772000706,0.3266584177167243,0.809070478018232,0.7135930910835585,0.3015327895760208,0.5678391959798995,0.949748743718593,0.8442211055276382,0.7789197242493877,0.5929900760081817,0.42213580465139766,0.7839448498775284,0.8542966086714983
0.004739336492890996,0.009478672985781991,0.014218009478672987,0.018957345971563982,0.023696682464454978,0.028436018957345974,0.03317535545023697,0.04265402843601896,0.047393364928909956,0.05213270142180095,0.05687203791469195,0.06161137440758294,0.06635071090047394,0.07109004739336494,0.07582938388625593,0.08056872037914692,0.08530805687203792,0.09004739336492892,0.09478672985781991,0.0995260663507109,0.1042654028436019,0.1090047393364929,0.1137440758293839,0.11848341232227488,0.12322274881516589,0.1279620853080569,0.13270142180094788,0.13744075829383887,0.14218009478672988,0.14691943127962087,0.15639810426540285,0.16113744075829384,0.16587677725118485,0.17061611374407584,0.17535545023696683,0.18009478672985785,0.18483412322274884,0.18957345971563982,0.1943127962085308,0.1990521327014218,0.20379146919431282,0.2085308056872038,0.2132701421800948,0.2180094786729858,0.2227488151658768,0.2274881516587678,0.23222748815165878,0.24170616113744078,0.24644549763033177,0.2559241706161138,0.7156398104265403,0.1658992385615777,0.9573459715639812,0.25120729543361564,0.7061835987511512,0.6161362053862223,0.22751061296916064,0.5355450236966826,0.8957345971563981,0.7962085308056872,0.6777475797938052,0.5023921295568384,0.34125468879854454,0.6824869162866962,0.7488376271871702
0.004484304932735426,0.008968609865470852,0.013452914798206279,0.017937219730941704,0.02242152466367713,0.026905829596412557,0.03139013452914798,0.04035874439461883,0.04484304932735426,0.04932735426008968,0.053811659192825115,0.05829596412556054,0.06278026905829596,0.06726457399103139,0.07174887892376682,0.07623318385650224,0.08071748878923767,0.08520179372197309,0.08968609865470852,0.09417040358744394,0.09865470852017937,0.10313901345291479,0.10762331838565023,0.11210762331838565,0.11659192825112108,0.1210762331838565,0.12556053811659193,0.13004484304932734,0.13452914798206278,0.1390134529147982,0.14798206278026907,0.15246636771300448,0.15695067264573992,0.16143497757847533,0.16591928251121077,0.17040358744394618,0.17488789237668162,0.17937219730941703,0.18385650224215247,0.18834080717488788,0.19282511210762332,0.19730941704035873,0.20179372197309417,0.20627802690582958,0.21076233183856502,0.21524663677130046,0.21973094170403587,0.22869955156950672,0.23318385650224216,0.242152466367713,0.6771300448430493,0.10315912244364454,0.905829596412556,0.18387661123288224,0.6143698847754832,0.52916809105351,0.1614550865692051,0.5067264573991032,0.8475336322869955,0.7533632286995515,0.5874640551790706,0.4215447726678598,0.2690784049548553,0.5919483601118061,0.654728629170102
0.004405286343612335,0.00881057268722467,0.013215859030837006,0.01762114537444934,0.022026431718061675,0.026431718061674013,0.030837004405286347,0.039647577092511016,0.04405286343612335,0.048458149779735685,0.052863436123348026,0.05726872246696036,0.061674008810572695,0.06607929515418502,0.07048458149779736,0.0748898678414097,0.07929515418502203,0.08370044052863437,0.0881057268722467,0.09251101321585904,0.09691629955947137,0.10132158590308371,0.10572687224669605,0.11013215859030838,0.11453744493392072,0.11894273127753305,0.12334801762114539,0.12775330396475773,0.13215859030837004,0.13656387665198239,0.14537444933920707,0.1497797356828194,0.15418502202643172,0.15859030837004406,0.1629955947136564,0.16740088105726875,0.17180616740088106,0.1762114537444934,0.18061674008810574,0.18502202643171808,0.18942731277533043,0.19383259911894274,0.19823788546255508,0.20264317180616742,0.20704845814977976,0.2114537444933921,0.21585903083700442,0.2246696035242291,0.22907488986784144,0.2378854625550661,0.6651982378854626,0.08371984707640359,0.8898678414096917,0.16301500126142562,0.5859224902482097,0.5022220497195754,0.14098856954336395,0.49779735682819387,0.8325991189427313,0.7400881057268723,0.5594907721865358,0.3964951774728794,0.24671544179006,0.5638960585301481,0.6255700673407208
0.004366812227074236,0.008733624454148471,0.013100436681222707,0.017467248908296942,0.021834061135371178,0.026200873362445413,0.03056768558951965,0.03930131004366812,0.043668122270742356,0.048034934497816595,0.05240174672489083,0.05676855895196506,0.0611353711790393,0.06550218340611354,0.06986899563318777,0.074235807860262,0.07860262008733623,0.08296943231441048,0.08733624454148471,0.09170305676855894,0.09606986899563319,0.10043668122270742,0.10480349344978165,0.10917030567685589,0.11353711790393012,0.11790393013100436,0.1222707423580786,0.12663755458515283,0.13100436681222707,0.1353711790393013,0.14410480349344978,0.148471615720524,0.15283842794759825,0.15720524017467247,0.1615720524017467,0.16593886462882096,0.17030567685589518,0.17467248908296942,0.17903930131004367,0.1834061135371179,0.18777292576419213,0.19213973799126638,0.1965065502183406,0.20087336244541484,0.20524017467248906,0.2096069868995633,0.21397379912663755,0.22270742358078602,0.22707423580786024,0.23580786026200873,0.6593886462882096,0.07425487690928853,0.8820960698689956,0.15285749699662476,0.5720714707957514,0.48910203848134093,0.1310234358612536,0.49344978165938863,0.8253275109170305,0.7336244541484715,0.5458705974333059,0.3842985450315593,0.23582692931103524,0.5502374096603802,0.6113727808394195
0.004291845493562232,0.008583690987124463,0.012875536480686695,0.017167381974248927,0.02145922746781116,0.02575107296137339,0.030042918454935622,0.03862660944206009,0.04291845493562232,0.047210300429184546,0.05150214592274678,0.055793991416309016,0.060085836909871244,0.06437768240343347,0.06866952789699571,0.07296137339055794,0.07725321888412018,0.0815450643776824,0.08583690987124463,0.09012875536480687,0.09442060085836909,0.09871244635193133,0.10300429184549356,0.1072961373390558,0.11158798283261803,0.11587982832618025,0.12017167381974249,0.12446351931330472,0.12875536480686695,0.13304721030042918,0.14163090128755365,0.1459227467811159,0.15021459227467812,0.15450643776824036,0.15879828326180256,0.1630901287553648,0.16738197424892703,0.17167381974248927,0.1759656652360515,0.18025751072961374,0.18454935622317598,0.18884120171673818,0.19313304721030042,0.19742489270386265,0.2017167381974249,0.20600858369098712,0.21030042918454936,0.21888412017167383,0.22317596566523606,0.2317596566523605,0.648068669527897,0.05581241135404963,0.8669527896995708,0.13306563023816978,0.5450827976201441,0.4635377332424616,0.11160640277035865,0.48497854077253216,0.8111587982832618,0.721030042918455,0.5193317246587706,0.3605334413969681,0.2146106946158522,0.523623570152333,0.5837094070622042
0.0041841004184100415,0.008368200836820083,0.012552301255230124,0.016736401673640166,0.02092050209205021,0.025104602510460247,0.02928870292887029,0.03765690376569037,0.04184100418410042,0.046025104602510455,0.050209205020920494,0.05439330543933054,0.05857740585774058,0.06276150627615062,0.06694560669456066,0.0711297071129707,0.07531380753138074,0.0794979079497908,0.08368200836820083,0.08786610878661087,0.09205020920502091,0.09623430962343095,0.10041841004184099,0.10460251046025104,0.10878661087866108,0.11297071129707112,0.11715481171548116,0.1213389121338912,0.12552301255230125,0.12970711297071127,0.13807531380753138,0.1422594142259414,0.14644351464435146,0.15062761506276148,0.15481171548117154,0.1589958158995816,0.1631799163179916,0.16736401673640167,0.1715481171548117,0.17573221757322174,0.1799163179916318,0.18410041841004182,0.18828451882845187,0.1924686192468619,0.19665271966527195,0.20083682008368198,0.20502092050209203,0.2133891213389121,0.21757322175732216,0.22594142259414224,0.6317991631799162,0.02930620962518163,0.8451882845188283,0.10462001715656238,0.5062936573239263,0.42679574937413556,0.08369951506451218,0.4728033472803347,0.7907949790794978,0.702928870292887,0.48118905481346613,0.32637733933229457,0.18411792510635316,0.48537315523187613,0.5439505610896167
0.004149377593360996,0.008298755186721992,0.012448132780082988,0.016597510373443983,0.02074688796680498,0.024896265560165977,0.029045643153526972,0.03734439834024896,0.04149377593360996,0.04564315352697095,0.049792531120331954,0.05394190871369295,0.058091286307053944,0.06224066390041494,0.06639004149377593,0.07053941908713693,0.07468879668049792,0.07883817427385892,0.08298755186721991,0.08713692946058091,0.0912863070539419,0.0954356846473029,0.09958506224066391,0.1037344398340249,0.1078838174273859,0.11203319502074689,0.11618257261410789,0.12033195020746888,0.12448132780082988,0.12863070539419086,0.13692946058091288,0.14107883817427386,0.14522821576763487,0.14937759336099585,0.15352697095435686,0.15767634854771784,0.16182572614107885,0.16597510373443983,0.17012448132780084,0.17427385892116182,0.17842323651452283,0.1825726141078838,0.18672199170124482,0.1908713692946058,0.1950207468879668,0.19917012448132781,0.2033195020746888,0.21161825726141079,0.2157676348547718,0.22406639004149378,0.6265560165975104,0.020764105301217264,0.8381742738589212,0.09545290198171519,0.4937931509443708,0.4149549766705119,0.07470601401491021,0.46887966804979253,0.7842323651452282,0.6970954356846473,0.4688968853842048,0.31536991442984796,0.1742910762555741,0.4730462629775658,0.5311375492846198
4.452399784728522,4.342174110016764,4.223498621283765,4.096270333823107,3.9604022332314317,3.81582609573303,3.6624933870462613,3.329497815247282,3.149892693323965,2.9616697860030516,2.7650098234123064,2.5602185890148816,2.34776942946283,2.128431057865788,1.9034456855709438,1.6748963414909608,1.4464338091472175,2.9226277226363795,2.7031335366217,2.475616476396891,2.2408018149714732,2.6899366305012475,2.4495139956595393,2.2018054668040286,1.9481890930348071,1.6910509668585723,1.434777036636162,2.147252697918712,1.8729610396649063,2.0449714778143107,1.4718170937783748,1.191947661922858,0.937840464802934,0.7523917624026262,0.7012874303727062,2.8468593913548803,2.5367357026491923,2.2183598605621766,2.1654699973143092,1.832781629408822,1.6526146510398656,1.3146771959887393,0.9923384971608012,1.651948418191974,1.292134562826824,0.9454618723895407,0.6568948724965351,0.7565762114871614,1.114492604829443,1.9892405323696993,4.0,1.069025086257547,4.0,0.521251959515483,0.8792449266608539,0.8992701647957507,0.6245729345430717,4.0,0.5872883251341331,1.0507384100705297,0.41609858241083525,4.0,4.0,0.8851603177629407,1.0785565798042487
0,0,0,0,0,0,0,0,0,0,0,0,0,0,0,0,0,0,0,0,0,0,0,0,0,0,0,0,0,0,0,0,0,0,0,0,0,0,0,0,0,0,0,0,0,0,0,0,0,0,-14.906174586201267,-18.522114606483186,-19.504697958103538,-22.359128257146658,-23.29108388471707,-25.225255804556173,-26.67271087757143,-27.286726634325746,-31.347197430010088,-33.03289207415107,-33.987172471918726,-35.143596349151665,-37.632897998089135,-40.46120572091918,-40.93198251567456
0,0,0,0,0,0,0,0,0,0,0,0,0,0,0,0,0,0,0,0,0,0,0,0,0,0,0,0,0,0,0,0,0,0,0,0,0,0,0,0,0,0,0,0,0,0,0,0,0,0,151,246,202,264,360,341,259,113,189,168,354,317,283,355,369
