x1,x2,x3,x4,x5,x6,x7,x8,x9,x10,x11,x12,x13,x14,x15,x16,x17,x18,x19,x20,x21,x22,x23,x24,x25,x26,x27,x28,x29,x30,x31,x32,x33,x34,x35,x36,x37,x38,x39,x40,x41,x42,x43,x44,x45,x46,x47,x48,x49,x50
0.2890625,0.2890625,0.0,0.0,0.0,0.0,0.15201418964942098,0.0,0.1000672907028809,0.1000672907028809,0.1000672907028809,0.027280259048267336,0.0,0.3457157591412173,0.3457157591412173,0.3138668804585643,0.3138668804585643,0.2257139581045759,0.2257139581045759,0.2257139581045759,0.2257139581045759,0.2257139581045759,0.2257139581045759,0.2257139581045759,0.2257139581045759,0.2257139581045759,0.19819026066181178,0.19819026066181178,0.19819026066181178,0.19819026066181178,0.19819026066181178,0.19819026066181178,0.19819026066181178,0.19819026066181178,0.19819026066181178,0.19819026066181178,0.19819026066181178,0.19819026066181178,0.20838499501973828,0.20838499501973828,0.20838499501973828,0.20838499501973828,0.34688617222280405,0.34688617222280405,0.34688617222280405,0.34688617222280405,0.34688617222280405,0.34688617222280405,0.34688617222280405,0.34688617222280405
0.33744855967078186,0.33744855967078186,0.0,0.0,0.0,0.0,0.0,0.0,0.0,0.0,0.0,0.0,0.0,0.0,0.0,0.0,0.0,0.0,0.0,0.0,0.0,0.0,0.0,0.0,0.0,0.0,0.0,0.0,0.0,0.0,0.0,0.0,0.0,0.0,0.0,0.0,0.0,0.0,0.0,0.0,0.0,0.0,0.0,0.0,0.0,0.0,0.0,0.0,0.0,0.0
0.464,0.464,0.6479978022286564,0.6479978022286564,0.6479978022286564,0.6479978022286564,0.4342340305975605,0.7581352168666957,0.5798032389629939,0.5798032389629939,0.5798032389629939,0.5966005823316822,0.6980240815428489,0.5779464714760651,0.5779464714760651,0.5883825162802762,0.5883825162802762,0.6469461863782751,0.6469461863782751,0.6469461863782751,0.6469461863782751,0.6469461863782751,0.6469461863782751,0.6469461863782751,0.6469461863782751,0.6469461863782751,0.5714228966785546,0.5714228966785546,0.5714228966785546,0.5714228966785546,0.5714228966785546,0.5714228966785546,0.5714228966785546,0.5714228966785546,0.5714228966785546,0.5714228966785546,0.5714228966785546,0.5714228966785546,0.5732996523565276,0.5732996523565276,0.5732996523565276,0.5732996523565276,0.7745372342168942,0.7745372342168942,0.7745372342168942,0.7745372342168942,0.7745372342168942,0.7745372342168942,0.7745372342168942,0.7745372342168942
0.7988338192419824,0.7988338192419824,0.0,0.0,0.0,0.0,0.15637734960537217,0.11532208253845094,0.0,0.0,0.0,0.0,0.0,0.0,0.0,0.0,0.0,0.0,0.0,0.0,0.0,0.0,0.0,0.0,0.0,0.0,0.0,0.0,0.0,0.0,0.0,0.0,0.0,0.0,0.0,0.0,0.0,0.0,0.0,0.0,0.0,0.0,0.0,0.0,0.0,0.0,0.0,0.0,0.0,0.0
0.5123966942148761,0.5123966942148761,0.8388857077751887,0.8388857077751887,0.8388857077751887,0.8388857077751887,0.8658106536743072,0.4088450930675422,0.6246552601016726,0.6246552601016726,0.6246552601016726,0.5006290225211666,0.4992580755552216,0.37111803272973526,0.37111803272973526,0.29301927973920755,0.29301927973920755,0.0,0.0,0.0,0.0,0.0,0.0,0.0,0.0,0.0,0.0,0.0,0.0,0.0,0.0,0.0,0.0,0.0,0.0,0.0,0.0,0.0,0.0,0.0,0.0,0.0,0.0,0.0,0.0,0.0,0.0,0.0,0.0,0.0
0.3431952662721894,0.3431952662721894,0.3239919590748219,0.3239919590748219,0.3239919590748219,0.3239919590748219,0.40602865893936474,0.37985198113821356,0.4471459216167696,0.4471459216167696,0.4471459216167696,0.39997770727757775,0.4381184135384198,0.4710718019435598,0.4710718019435598,0.4344143873280461,0.4344143873280461,0.45533834428549347,0.45533834428549347,0.45533834428549347,0.45533834428549347,0.45533834428549347,0.45533834428549347,0.45533834428549347,0.45533834428549347,0.45533834428549347,0.46743250661119395,0.46743250661119395,0.46743250661119395,0.46743250661119395,0.46743250661119395,0.46743250661119395,0.46743250661119395,0.46743250661119395,0.46743250661119395,0.46743250661119395,0.46743250661119395,0.46743250661119395,0.4700192928886127,0.4700192928886127,0.4700192928886127,0.4700192928886127,0.5766417980477989,0.5766417980477989,0.5766417980477989,0.5766417980477989,0.5766417980477989,0.5766417980477989,0.5766417980477989,0.5766417980477989
0.8373702422145328,0.8373702422145328,0.9225852631002857,0.9225852631002857,0.9225852631002857,0.9225852631002857,0.8951677807418155,0.9930404681396988,0.917657821895338,0.917657821895338,0.917657821895338,0.763290911359676,0.8382256045956907,0.8375323834582727,0.8375323834582727,0.8236451919879447,0.8236451919879447,0.7473661233418688,0.7473661233418688,0.7473661233418688,0.7473661233418688,0.7473661233418688,0.7473661233418688,0.7473661233418688,0.7473661233418688,0.7473661233418688,0.747634003964521,0.747634003964521,0.747634003964521,0.747634003964521,0.747634003964521,0.747634003964521,0.747634003964521,0.747634003964521,0.747634003964521,0.747634003964521,0.747634003964521,0.747634003964521,0.7556896018647409,0.7556896018647409,0.7556896018647409,0.7556896018647409,0.6531598603781072,0.6531598603781072,0.6531598603781072,0.6531598603781072,0.6531598603781072,0.6531598603781072,0.6531598603781072,0.6531598603781072
0.3268698060941828,0.3268698060941828,0.8211054654029903,0.8211054654029903,0.8211054654029903,0.8211054654029903,0.9839881640073331,1.032054598999712,1.082395882065291,1.082395882065291,1.082395882065291,1.0506277934033468,1.0492389239774251,1.0769424098959055,1.0769424098959055,1.02851185973915,1.02851185973915,1.0330716688117556,1.0330716688117556,1.0330716688117556,1.0330716688117556,1.0330716688117556,1.0330716688117556,1.0330716688117556,1.0330716688117556,1.0330716688117556,1.017771694587206,1.017771694587206,1.017771694587206,1.017771694587206,1.017771694587206,1.017771694587206,1.017771694587206,1.017771694587206,1.017771694587206,1.017771694587206,1.017771694587206,1.017771694587206,1.0080648146048325,1.0080648146048325,1.0080648146048325,1.0080648146048325,0.989339011916169,0.989339011916169,0.989339011916169,0.989339011916169,0.989339011916169,0.989339011916169,0.989339011916169,0.989339011916169
0.5708884688090737,0.5708884688090737,0.3776057627897889,0.3776057627897889,0.3776057627897889,0.3776057627897889,0.49500142681992754,0.5410990478601992,0.5718852968494776,0.5718852968494776,0.5718852968494776,0.6109245418095917,0.6365700560959624,0.5896393053662258,0.5896393053662258,0.5816983933852984,0.5816983933852984,0.5362533384506004,0.5362533384506004,0.5362533384506004,0.5362533384506004,0.5362533384506004,0.5362533384506004,0.5362533384506004,0.5362533384506004,0.5362533384506004,0.5319943511182109,0.5319943511182109,0.5319943511182109,0.5319943511182109,0.5319943511182109,0.5319943511182109,0.5319943511182109,0.5319943511182109,0.5319943511182109,0.5319943511182109,0.5319943511182109,0.5319943511182109,0.5790572544762309,0.5790572544762309,0.5790572544762309,0.5790572544762309,0.5746145853247355,0.5746145853247355,0.5746145853247355,0.5746145853247355,0.5746145853247355,0.5746145853247355,0.5746145853247355,0.5746145853247355
0.8299643281807372,0.8299643281807372,0.8461464486520033,0.8461464486520033,0.8461464486520033,0.8461464486520033,0.8845166916804845,0.8978988152237222,0.8907126190731458,0.8907126190731458,0.8907126190731458,0.9393424292379027,0.9068007552009327,0.9550903997515634,0.9550903997515634,0.9708020143087286,0.9708020143087286,0.9878118768863846,0.9878118768863846,0.9878118768863846,0.9878118768863846,0.9878118768863846,0.9878118768863846,0.9878118768863846,0.9878118768863846,0.9878118768863846,0.9880744777104341,0.9880744777104341,0.9880744777104341,0.9880744777104341,0.9880744777104341,0.9880744777104341,0.9880744777104341,0.9880744777104341,0.9880744777104341,0.9880744777104341,0.9880744777104341,0.9880744777104341,1.014586563903878,1.014586563903878,1.014586563903878,1.014586563903878,1.000909299219592,1.000909299219592,1.000909299219592,1.000909299219592,1.000909299219592,1.000909299219592,1.000909299219592,1.000909299219592
0.6472424557752341,0.6472424557752341,0.8596454503783697,0.8596454503783697,0.8596454503783697,0.8596454503783697,1.0135437172416368,0.8857298679169896,0.8885151138407206,0.8885151138407206,0.8885151138407206,0.6491069796806834,0.7095082793415439,0.8629765964546443,0.8629765964546443,0.8218192157000326,0.8218192157000326,0.9365008885650385,0.9365008885650385,0.9365008885650385,0.9365008885650385,0.9365008885650385,0.9365008885650385,0.9365008885650385,0.9365008885650385,0.9365008885650385,0.9277079273671184,0.9277079273671184,0.9277079273671184,0.9277079273671184,0.9277079273671184,0.9277079273671184,0.9277079273671184,0.9277079273671184,0.9277079273671184,0.9277079273671184,0.9277079273671184,0.9277079273671184,0.9430773154863913,0.9430773154863913,0.9430773154863913,0.9430773154863913,1.2616638847429626,1.2616638847429626,1.2616638847429626,1.2616638847429626,1.2616638847429626,1.2616638847429626,1.2616638847429626,1.2616638847429626
0.21767713659605553,0.21767713659605553,0.05825876536161445,0.05825876536161445,0.05825876536161445,0.05825876536161445,0.0,0.0,0.0,0.0,0.0,0.0,0.0,0.0,0.0,0.0,0.0,0.0,0.0,0.0,0.0,0.0,0.0,0.0,0.0,0.0,0.0,0.0,0.0,0.0,0.0,0.0,0.0,0.0,0.0,0.0,0.0,0.0,0.0,0.0,0.0,0.0,0.0,0.0,0.0,0.0,0.0,0.0,0.0,0.0
0.001189767995240928,0.001189767995240928,0.21737273190559103,0.21737273190559103,0.21737273190559103,0.21737273190559103,0.0,0.13956112918611113,0.20135041022032416,0.20135041022032416,0.20135041022032416,0.23629727243179954,0.24092375326009466,0.36971102346777773,0.36971102346777773,0.49046442516683536,0.49046442516683536,0.3683289267674096,0.3683289267674096,0.3683289267674096,0.3683289267674096,0.3683289267674096,0.3683289267674096,0.3683289267674096,0.3683289267674096,0.3683289267674096,0.41741446277814076,0.41741446277814076,0.41741446277814076,0.41741446277814076,0.41741446277814076,0.41741446277814076,0.41741446277814076,0.41741446277814076,0.41741446277814076,0.41741446277814076,0.41741446277814076,0.41741446277814076,0.4163093903967514,0.4163093903967514,0.4163093903967514,0.4163093903967514,0.4633289978935212,0.4633289978935212,0.4633289978935212,0.4633289978935212,0.4633289978935212,0.4633289978935212,0.4633289978935212,0.4633289978935212
0.9075175770686857,0.9075175770686857,0.5585982550153092,0.5585982550153092,0.5585982550153092,0.5585982550153092,0.5146621867173935,0.5484287478237727,0.5207831161283406,0.5207831161283406,0.5207831161283406,0.9224436919624455,0.8813184799592428,0.7948040245488218,0.7948040245488218,0.9195319355340813,0.9195319355340813,0.47426764597883747,0.47426764597883747,0.47426764597883747,0.47426764597883747,0.47426764597883747,0.47426764597883747,0.47426764597883747,0.47426764597883747,0.47426764597883747,0.4341175695063727,0.4341175695063727,0.4341175695063727,0.4341175695063727,0.4341175695063727,0.4341175695063727,0.4341175695063727,0.4341175695063727,0.4341175695063727,0.4341175695063727,0.4341175695063727,0.4341175695063727,0.4345980483045505,0.4345980483045505,0.4345980483045505,0.4345980483045505,0.5176089793702255,0.5176089793702255,0.5176089793702255,0.5176089793702255,0.5176089793702255,0.5176089793702255,0.5176089793702255,0.5176089793702255
0.7451335445903123,0.7451335445903123,0.46429704520643034,0.46429704520643034,0.46429704520643034,0.46429704520643034,0.46737782967700425,0.3175609520352909,0.42271579482450616,0.42271579482450616,0.42271579482450616,0.23895847870414047,0.29439831151824924,0.2239645687565372,0.2239645687565372,0.2638212512418114,0.2638212512418114,0.4002241825745769,0.4002241825745769,0.4002241825745769,0.4002241825745769,0.4002241825745769,0.4002241825745769,0.4002241825745769,0.4002241825745769,0.4002241825745769,0.46882521011647593,0.46882521011647593,0.46882521011647593,0.46882521011647593,0.46882521011647593,0.46882521011647593,0.46882521011647593,0.46882521011647593,0.46882521011647593,0.46882521011647593,0.46882521011647593,0.46882521011647593,0.5537232723450575,0.5537232723450575,0.5537232723450575,0.5537232723450575,0.36480626718770504,0.36480626718770504,0.36480626718770504,0.36480626718770504,0.36480626718770504,0.36480626718770504,0.36480626718770504,0.36480626718770504
0.5475258098967604,0.5475258098967604,0.7720571936569554,0.7720571936569554,0.7720571936569554,0.7720571936569554,0.7571051951407347,0.7977627490555946,0.6671455243919826,0.6671455243919826,0.6671455243919826,0.7254054462736717,0.6949704955983443,0.6819787598787439,0.6819787598787439,0.7902175580124127,0.7902175580124127,1.1497309491279624,1.1497309491279624,1.1497309491279624,1.1497309491279624,1.1497309491279624,1.1497309491279624,1.1497309491279624,1.1497309491279624,1.1497309491279624,1.124180790298221,1.124180790298221,1.124180790298221,1.124180790298221,1.124180790298221,1.124180790298221,1.124180790298221,1.124180790298221,1.124180790298221,1.124180790298221,1.124180790298221,1.124180790298221,1.1242501952449107,1.1242501952449107,1.1242501952449107,1.1242501952449107,1.06864148151284,1.06864148151284,1.06864148151284,1.06864148151284,1.06864148151284,1.06864148151284,1.06864148151284,1.06864148151284
0.3901177822464809,0.3901177822464809,0.3267412523603837,0.3267412523603837,0.3267412523603837,0.3267412523603837,0.29653582953068924,0.29900456555676325,0.0,0.0,0.0,0.04282836228733755,0.0,0.15420814171182842,0.15420814171182842,0.0,0.0,0.0,0.0,0.0,0.0,0.0,0.0,0.0,0.0,0.0,0.0,0.0,0.0,0.0,0.0,0.0,0.0,0.0,0.0,0.0,0.0,0.0,0.0,0.0,0.0,0.0,0.0,0.0,0.0,0.0,0.0,0.0,0.0,0.0
0.34453104004299917,0.34453104004299917,0.28587577677702736,0.28587577677702736,0.28587577677702736,0.28587577677702736,0.2863496951637084,0.34192532434970413,0.29734271196226486,0.29734271196226486,0.29734271196226486,0.43818468224774176,0.26555795678334804,0.4813962445005169,0.4813962445005169,0.5690007938145104,0.5690007938145104,0.44490181635593046,0.44490181635593046,0.44490181635593046,0.44490181635593046,0.44490181635593046,0.44490181635593046,0.44490181635593046,0.44490181635593046,0.44490181635593046,0.42976359531714886,0.42976359531714886,0.42976359531714886,0.42976359531714886,0.42976359531714886,0.42976359531714886,0.42976359531714886,0.42976359531714886,0.42976359531714886,0.42976359531714886,0.42976359531714886,0.42976359531714886,0.4333995001351711,0.4333995001351711,0.4333995001351711,0.4333995001351711,0.3847490223671988,0.3847490223671988,0.3847490223671988,0.3847490223671988,0.3847490223671988,0.3847490223671988,0.3847490223671988,0.3847490223671988
0.22410336377812431,0.22410336377812431,0.12301713646524187,0.12301713646524187,0.12301713646524187,0.12301713646524187,0.0,0.07759481186318579,0.0,0.0,0.0,0.0,0.0,0.0,0.0,0.0,0.0,0.0,0.0,0.0,0.0,0.0,0.0,0.0,0.0,0.0,0.0,0.0,0.0,0.0,0.0,0.0,0.0,0.0,0.0,0.0,0.0,0.0,0.0,0.0,0.0,0.0,0.0,0.0,0.0,0.0,0.0,0.0,0.0,0.0
0.15512795080341205,0.15512795080341205,0.5252659243400843,0.5252659243400843,0.5252659243400843,0.5252659243400843,0.5388178690827032,1.023507159173898,0.9458486051027561,0.9458486051027561,0.9458486051027561,0.9163559207418972,0.6184306263595232,0.9819626204630676,0.9819626204630676,1.0273382252230567,1.0273382252230567,0.983232589521664,0.983232589521664,0.983232589521664,0.983232589521664,0.983232589521664,0.983232589521664,0.983232589521664,0.983232589521664,0.983232589521664,0.9443450417147274,0.9443450417147274,0.9443450417147274,0.9443450417147274,0.9443450417147274,0.9443450417147274,0.9443450417147274,0.9443450417147274,0.9443450417147274,0.9443450417147274,0.9443450417147274,0.9443450417147274,0.8910676424866495,0.8910676424866495,0.8910676424866495,0.8910676424866495,0.6160705991634491,0.6160705991634491,0.6160705991634491,0.6160705991634491,0.6160705991634491,0.6160705991634491,0.6160705991634491,0.6160705991634491
0.12347532370050665,0.12347532370050665,0.0,0.0,0.0,0.0,0.1561011387709002,0.09677232037171044,0.09703132001831907,0.09703132001831907,0.09703132001831907,0.10736069900971966,0.08296884545437891,0.0663871155671311,0.0663871155671311,0.059220456400679446,0.059220456400679446,0.08371430072944384,0.08371430072944384,0.08371430072944384,0.08371430072944384,0.08371430072944384,0.08371430072944384,0.08371430072944384,0.08371430072944384,0.08371430072944384,0.09465718171200055,0.09465718171200055,0.09465718171200055,0.09465718171200055,0.09465718171200055,0.09465718171200055,0.09465718171200055,0.09465718171200055,0.09465718171200055,0.09465718171200055,0.09465718171200055,0.09465718171200055,0.18482643846926317,0.18482643846926317,0.18482643846926317,0.18482643846926317,0.1689960677105411,0.1689960677105411,0.1689960677105411,0.1689960677105411,0.1689960677105411,0.1689960677105411,0.1689960677105411,0.1689960677105411
0.03813491427655825,0.03813491427655825,0.0,0.0,0.0,0.0,0.046688197154488215,0.0,0.0,0.0,0.0,0.0,0.0,0.0,0.0,0.0,0.0,0.0,0.0,0.0,0.0,0.0,0.0,0.0,0.0,0.0,0.0,0.0,0.0,0.0,0.0,0.0,0.0,0.0,0.0,0.0,0.0,0.0,0.0,0.0,0.0,0.0,0.0,0.0,0.0,0.0,0.0,0.0,0.0,0.0
0.9879518072289157,0.9879518072289157,0.9419010609025191,0.9419010609025191,0.9419010609025191,0.9419010609025191,0.8453653780630037,0.7204241116689014,0.7948625590660133,0.7948625590660133,0.7948625590660133,0.8297968753465912,0.8189159259605219,0.802146024223369,0.802146024223369,0.7905343148294188,0.7905343148294188,0.4375708814787239,0.4375708814787239,0.4375708814787239,0.4375708814787239,0.4375708814787239,0.4375708814787239,0.4375708814787239,0.4375708814787239,0.4375708814787239,0.4714093545773785,0.4714093545773785,0.4714093545773785,0.4714093545773785,0.4714093545773785,0.4714093545773785,0.4714093545773785,0.4714093545773785,0.4714093545773785,0.4714093545773785,0.4714093545773785,0.4714093545773785,0.4320935651552984,0.4320935651552984,0.4320935651552984,0.4320935651552984,0.2760260760989373,0.2760260760989373,0.2760260760989373,0.2760260760989373,0.2760260760989373,0.2760260760989373,0.2760260760989373,0.2760260760989373
0.9213483146067416,0.9213483146067416,1.0328658453366801,1.0328658453366801,1.0328658453366801,1.0328658453366801,1.3008855194505047,1.2506540795528043,1.1828146281248832,1.1828146281248832,1.1828146281248832,1.2200759862538388,1.2011489780044562,1.1521368744879767,1.1521368744879767,1.1762999741921056,1.1762999741921056,0.8718672416942345,0.8718672416942345,0.8718672416942345,0.8718672416942345,0.8718672416942345,0.8718672416942345,0.8718672416942345,0.8718672416942345,0.8718672416942345,0.920640160685297,0.920640160685297,0.920640160685297,0.920640160685297,0.920640160685297,0.920640160685297,0.920640160685297,0.920640160685297,0.920640160685297,0.920640160685297,0.920640160685297,0.920640160685297,0.8719099439027331,0.8719099439027331,0.8719099439027331,0.8719099439027331,0.7991408286216689,0.7991408286216689,0.7991408286216689,0.7991408286216689,0.7991408286216689,0.7991408286216689,0.7991408286216689,0.7991408286216689
0.845360824742268,0.845360824742268,0.8095434613447332,0.8095434613447332,0.8095434613447332,0.8095434613447332,0.8625071588644566,1.0420859862376721,0.8607976438848087,0.8607976438848087,0.8607976438848087,0.8632813941577325,0.862424306365721,0.7830725209576751,0.7830725209576751,0.6750723028448169,0.6750723028448169,0.728036596638906,0.728036596638906,0.728036596638906,0.728036596638906,0.728036596638906,0.728036596638906,0.728036596638906,0.728036596638906,0.728036596638906,0.6871136164908961,0.6871136164908961,0.6871136164908961,0.6871136164908961,0.6871136164908961,0.6871136164908961,0.6871136164908961,0.6871136164908961,0.6871136164908961,0.6871136164908961,0.6871136164908961,0.6871136164908961,0.5613445248863089,0.5613445248863089,0.5613445248863089,0.5613445248863089,0.6740651690474528,0.6740651690474528,0.6740651690474528,0.6740651690474528,0.6740651690474528,0.6740651690474528,0.6740651690474528,0.6740651690474528
0.8118811881188119,0.8118811881188119,0.9326552220415771,0.9326552220415771,0.9326552220415771,0.9326552220415771,0.856815012465119,0.8950893907290783,0.8348104055112234,0.8348104055112234,0.8348104055112234,0.6774004187819636,0.6287005125859652,0.7296465134261315,0.7296465134261315,0.7385717671251869,0.7385717671251869,0.8039869806359383,0.8039869806359383,0.8039869806359383,0.8039869806359383,0.8039869806359383,0.8039869806359383,0.8039869806359383,0.8039869806359383,0.8039869806359383,0.7559734817755679,0.7559734817755679,0.7559734817755679,0.7559734817755679,0.7559734817755679,0.7559734817755679,0.7559734817755679,0.7559734817755679,0.7559734817755679,0.7559734817755679,0.7559734817755679,0.7559734817755679,0.6381889004564452,0.6381889004564452,0.6381889004564452,0.6381889004564452,0.584986358728587,0.584986358728587,0.584986358728587,0.584986358728587,0.584986358728587,0.584986358728587,0.584986358728587,0.584986358728587
0.7961165048543689,0.7961165048543689,0.8391017482200639,0.8391017482200639,0.8391017482200639,0.8391017482200639,0.956845318197884,0.9930237596367788,0.9323949069778468,0.9323949069778468,0.9323949069778468,1.0656191338983978,1.0679484973139959,1.0120892021699752,1.0120892021699752,1.0186592195750517,1.0186592195750517,1.0020584645016164,1.0020584645016164,1.0020584645016164,1.0020584645016164,1.0020584645016164,1.0020584645016164,1.0020584645016164,1.0020584645016164,1.0020584645016164,0.9827114814551674,0.9827114814551674,0.9827114814551674,0.9827114814551674,0.9827114814551674,0.9827114814551674,0.9827114814551674,0.9827114814551674,0.9827114814551674,0.9827114814551674,0.9827114814551674,0.9827114814551674,0.9740724233485158,0.9740724233485158,0.9740724233485158,0.9740724233485158,0.9941124475824492,0.9941124475824492,0.9941124475824492,0.9941124475824492,0.9941124475824492,0.9941124475824492,0.9941124475824492,0.9941124475824492
0.7663551401869159,0.7663551401869159,0.2405979525688644,0.2405979525688644,0.2405979525688644,0.2405979525688644,0.5521362630225166,0.6418642593587556,0.7403650863709039,0.7403650863709039,0.7403650863709039,0.8679204111041304,0.45275519360159383,0.8046155932320992,0.8046155932320992,0.7825047859498765,0.7825047859498765,0.5690630791325356,0.5690630791325356,0.5690630791325356,0.5690630791325356,0.5690630791325356,0.5690630791325356,0.5690630791325356,0.5690630791325356,0.5690630791325356,0.5138626040286507,0.5138626040286507,0.5138626040286507,0.5138626040286507,0.5138626040286507,0.5138626040286507,0.5138626040286507,0.5138626040286507,0.5138626040286507,0.5138626040286507,0.5138626040286507,0.5138626040286507,0.6062939476626225,0.6062939476626225,0.6062939476626225,0.6062939476626225,0.7387115731091898,0.7387115731091898,0.7387115731091898,0.7387115731091898,0.7387115731091898,0.7387115731091898,0.7387115731091898,0.7387115731091898
0.7522935779816514,0.7522935779816514,0.7955595680154377,0.7955595680154377,0.7955595680154377,0.7955595680154377,0.7637288193322964,0.7616683498410407,0.7386036372241944,0.7386036372241944,0.7386036372241944,1.170820873535251,0.7634774046153842,1.1404159764987203,1.1404159764987203,1.0962527707161909,1.0962527707161909,1.3089429838293691,1.3089429838293691,1.3089429838293691,1.3089429838293691,1.3089429838293691,1.3089429838293691,1.3089429838293691,1.3089429838293691,1.3089429838293691,1.2478648995691666,1.2478648995691666,1.2478648995691666,1.2478648995691666,1.2478648995691666,1.2478648995691666,1.2478648995691666,1.2478648995691666,1.2478648995691666,1.2478648995691666,1.2478648995691666,1.2478648995691666,1.2306294294468385,1.2306294294468385,1.2306294294468385,1.2306294294468385,0.7914454158688748,0.7914454158688748,0.7914454158688748,0.7914454158688748,0.7914454158688748,0.7914454158688748,0.7914454158688748,0.7914454158688748
0.7256637168141593,0.7256637168141593,0.8663767324299215,0.8663767324299215,0.8663767324299215,0.8663767324299215,0.8761835662721391,0.8924612941499057,0.8740347347293876,0.8740347347293876,0.8740347347293876,0.8745127754036537,0.8774654869954437,0.7400460691336929,0.7400460691336929,0.6674882750350377,0.6674882750350377,0.7539622077390427,0.7539622077390427,0.7539622077390427,0.7539622077390427,0.7539622077390427,0.7539622077390427,0.7539622077390427,0.7539622077390427,0.7539622077390427,0.7408615634882626,0.7408615634882626,0.7408615634882626,0.7408615634882626,0.7408615634882626,0.7408615634882626,0.7408615634882626,0.7408615634882626,0.7408615634882626,0.7408615634882626,0.7408615634882626,0.7408615634882626,0.7441818638167554,0.7441818638167554,0.7441818638167554,0.7441818638167554,0.8223640597507457,0.8223640597507457,0.8223640597507457,0.8223640597507457,0.8223640597507457,0.8223640597507457,0.8223640597507457,0.8223640597507457
0.6456692913385826,0.6456692913385826,0.332301658299444,0.332301658299444,0.332301658299444,0.332301658299444,0.42414173677947864,0.22276751874984468,0.3684380773729188,0.3684380773729188,0.3684380773729188,0.42149564272061496,0.4430463736996708,0.4541320566664475,0.4541320566664475,0.422876625069203,0.422876625069203,0.43711275849852155,0.43711275849852155,0.43711275849852155,0.43711275849852155,0.43711275849852155,0.43711275849852155,0.43711275849852155,0.43711275849852155,0.43711275849852155,0.4360305623013337,0.4360305623013337,0.4360305623013337,0.4360305623013337,0.4360305623013337,0.4360305623013337,0.4360305623013337,0.4360305623013337,0.4360305623013337,0.4360305623013337,0.4360305623013337,0.4360305623013337,0.20913541597402222,0.20913541597402222,0.20913541597402222,0.20913541597402222,0.3426102969600473,0.3426102969600473,0.3426102969600473,0.3426102969600473,0.3426102969600473,0.3426102969600473,0.3426102969600473,0.3426102969600473
0.6259541984732824,0.6259541984732824,0.5035201701024441,0.5035201701024441,0.5035201701024441,0.5035201701024441,0.3175075588719839,0.4117010433983055,0.3236570703022919,0.3236570703022919,0.3236570703022919,0.4158795344219406,0.29449922877490764,0.3523015820855072,0.3523015820855072,0.34199007581528296,0.34199007581528296,0.3335094993531387,0.3335094993531387,0.3335094993531387,0.3335094993531387,0.3335094993531387,0.3335094993531387,0.3335094993531387,0.3335094993531387,0.3335094993531387,0.33904256382833625,0.33904256382833625,0.33904256382833625,0.33904256382833625,0.33904256382833625,0.33904256382833625,0.33904256382833625,0.33904256382833625,0.33904256382833625,0.33904256382833625,0.33904256382833625,0.33904256382833625,0.27070564753209997,0.27070564753209997,0.27070564753209997,0.27070564753209997,0.26619494891418094,0.26619494891418094,0.26619494891418094,0.26619494891418094,0.26619494891418094,0.26619494891418094,0.26619494891418094,0.26619494891418094
0.5985401459854014,0.5985401459854014,0.5440893083902276,0.5440893083902276,0.5440893083902276,0.5440893083902276,0.450934719385198,0.672903114378412,0.6179700627328167,0.6179700627328167,0.6179700627328167,0.6446275318184922,0.6335254238286177,0.63901355033336,0.63901355033336,0.6256334196199573,0.6256334196199573,0.5955844571170331,0.5955844571170331,0.5955844571170331,0.5955844571170331,0.5955844571170331,0.5955844571170331,0.5955844571170331,0.5955844571170331,0.5955844571170331,0.6831742701704409,0.6831742701704409,0.6831742701704409,0.6831742701704409,0.6831742701704409,0.6831742701704409,0.6831742701704409,0.6831742701704409,0.6831742701704409,0.6831742701704409,0.6831742701704409,0.6831742701704409,0.5217173866506644,0.5217173866506644,0.5217173866506644,0.5217173866506644,0.6816166654253126,0.6816166654253126,0.6816166654253126,0.6816166654253126,0.6816166654253126,0.6816166654253126,0.6816166654253126,0.6816166654253126
0.5899280575539568,0.5899280575539568,0.21758186051849437,0.21758186051849437,0.21758186051849437,0.21758186051849437,0.0,0.06476298030099295,0.0,0.0,0.0,0.5232782020405515,0.6672200651525686,0.18187519831830093,0.18187519831830093,0.6071505352082504,0.6071505352082504,0.7050274886067657,0.7050274886067657,0.7050274886067657,0.7050274886067657,0.7050274886067657,0.7050274886067657,0.7050274886067657,0.7050274886067657,0.7050274886067657,0.6931822175572626,0.6931822175572626,0.6931822175572626,0.6931822175572626,0.6931822175572626,0.6931822175572626,0.6931822175572626,0.6931822175572626,0.6931822175572626,0.6931822175572626,0.6931822175572626,0.6931822175572626,0.6581439648564864,0.6581439648564864,0.6581439648564864,0.6581439648564864,0.7776011106940423,0.7776011106940423,0.7776011106940423,0.7776011106940423,0.7776011106940423,0.7776011106940423,0.7776011106940423,0.7776011106940423
0.5503355704697986,0.5503355704697986,0.6398855895388924,0.6398855895388924,0.6398855895388924,0.6398855895388924,0.46075633650674597,0.6086668395936534,0.5409445255483246,0.5409445255483246,0.5409445255483246,0.543641234075043,0.5598484297482739,0.41239422632017353,0.41239422632017353,0.496672580809783,0.496672580809783,0.6219655541207293,0.6219655541207293,0.6219655541207293,0.6219655541207293,0.6219655541207293,0.6219655541207293,0.6219655541207293,0.6219655541207293,0.6219655541207293,0.47359101880610366,0.47359101880610366,0.47359101880610366,0.47359101880610366,0.47359101880610366,0.47359101880610366,0.47359101880610366,0.47359101880610366,0.47359101880610366,0.47359101880610366,0.47359101880610366,0.47359101880610366,0.46216144555527305,0.46216144555527305,0.46216144555527305,0.46216144555527305,0.4217043867941871,0.4217043867941871,0.4217043867941871,0.4217043867941871,0.4217043867941871,0.4217043867941871,0.4217043867941871,0.4217043867941871
0.543046357615894,0.543046357615894,0.44919187284072537,0.44919187284072537,0.44919187284072537,0.44919187284072537,0.44159018553552143,0.4051956334589034,0.43960664564477214,0.43960664564477214,0.43960664564477214,0.38556488912611275,0.3509938826354823,0.4166445186593419,0.4166445186593419,0.41200477655381523,0.41200477655381523,0.4165129850471349,0.4165129850471349,0.4165129850471349,0.4165129850471349,0.4165129850471349,0.4165129850471349,0.4165129850471349,0.4165129850471349,0.4165129850471349,0.3917643235384181,0.3917643235384181,0.3917643235384181,0.3917643235384181,0.3917643235384181,0.3917643235384181,0.3917643235384181,0.3917643235384181,0.3917643235384181,0.3917643235384181,0.3917643235384181,0.3917643235384181,0.3132595001589852,0.3132595001589852,0.3132595001589852,0.3132595001589852,0.2815948985445742,0.2815948985445742,0.2815948985445742,0.2815948985445742,0.2815948985445742,0.2815948985445742,0.2815948985445742,0.2815948985445742
0.5222929936305732,0.5222929936305732,0.2890333417131279,0.2890333417131279,0.2890333417131279,0.2890333417131279,0.40629680311570204,0.22504815535253336,0.26731200646205816,0.26731200646205816,0.26731200646205816,0.09466417028599478,0.14436768393682903,0.28011317354888354,0.28011317354888354,0.3309161834349732,0.3309161834349732,0.3053414394718501,0.3053414394718501,0.3053414394718501,0.3053414394718501,0.3053414394718501,0.3053414394718501,0.3053414394718501,0.3053414394718501,0.3053414394718501,0.3041307725638172,0.3041307725638172,0.3041307725638172,0.3041307725638172,0.3041307725638172,0.3041307725638172,0.3041307725638172,0.3041307725638172,0.3041307725638172,0.3041307725638172,0.3041307725638172,0.3041307725638172,0.26347036298416754,0.26347036298416754,0.26347036298416754,0.26347036298416754,0.32696433916626283,0.32696433916626283,0.32696433916626283,0.32696433916626283,0.32696433916626283,0.32696433916626283,0.32696433916626283,0.32696433916626283
0.5030674846625767,0.5030674846625767,0.3054935418350667,0.3054935418350667,0.3054935418350667,0.3054935418350667,0.13017045130557475,0.15417427696735478,0.07447587946088836,0.07447587946088836,0.07447587946088836,0.2621410551724754,0.1088813598011531,0.1322612900120114,0.1322612900120114,0.11337911213582302,0.11337911213582302,0.019873927389999393,0.019873927389999393,0.019873927389999393,0.019873927389999393,0.019873927389999393,0.019873927389999393,0.019873927389999393,0.019873927389999393,0.019873927389999393,0.014375083506406365,0.014375083506406365,0.014375083506406365,0.014375083506406365,0.014375083506406365,0.014375083506406365,0.014375083506406365,0.014375083506406365,0.014375083506406365,0.014375083506406365,0.014375083506406365,0.014375083506406365,0.013651754592457327,0.013651754592457327,0.013651754592457327,0.013651754592457327,0.022027646746813,0.022027646746813,0.022027646746813,0.022027646746813,0.022027646746813,0.022027646746813,0.022027646746813,0.022027646746813
0.4910179640718563,0.4910179640718563,0.3081555876739217,0.3081555876739217,0.3081555876739217,0.3081555876739217,0.34263976129446083,0.29468190434922814,0.0,0.0,0.0,0.05488758130111443,0.20956446388069846,0.088589924546181,0.088589924546181,0.0,0.0,0.0,0.0,0.0,0.0,0.0,0.0,0.0,0.0,0.0,0.0,0.0,0.0,0.0,0.0,0.0,0.0,0.0,0.0,0.0,0.0,0.0,0.0,0.0,0.0,0.0,0.0,0.0,0.0,0.0,0.0,0.0,0.0,0.0
0.47398843930635837,0.47398843930635837,0.6052623912927881,0.6052623912927881,0.6052623912927881,0.6052623912927881,0.34812247800915963,0.4284029205180953,0.39003920557764554,0.39003920557764554,0.39003920557764554,0.38502758361793343,0.5156903470976856,0.4183734734350739,0.4183734734350739,0.4017698209218716,0.4017698209218716,0.3947077245419945,0.3947077245419945,0.3947077245419945,0.3947077245419945,0.3947077245419945,0.3947077245419945,0.3947077245419945,0.3947077245419945,0.3947077245419945,0.35231195257349046,0.35231195257349046,0.35231195257349046,0.35231195257349046,0.35231195257349046,0.35231195257349046,0.35231195257349046,0.35231195257349046,0.35231195257349046,0.35231195257349046,0.35231195257349046,0.35231195257349046,0.3613092316066678,0.3613092316066678,0.3613092316066678,0.3613092316066678,0.38705958243624283,0.38705958243624283,0.38705958243624283,0.38705958243624283,0.38705958243624283,0.38705958243624283,0.38705958243624283,0.38705958243624283
0.4581005586592179,0.4581005586592179,0.8715467899078787,0.8715467899078787,0.8715467899078787,0.8715467899078787,0.7946056404841458,0.9178655514916476,0.5174229959456775,0.5174229959456775,0.5174229959456775,0.41603630163992766,0.11701083094667752,0.42590346815524527,0.42590346815524527,0.414806836284365,0.414806836284365,0.5378045957026761,0.5378045957026761,0.5378045957026761,0.5378045957026761,0.5378045957026761,0.5378045957026761,0.5378045957026761,0.5378045957026761,0.5378045957026761,0.5338266498863544,0.5338266498863544,0.5338266498863544,0.5338266498863544,0.5338266498863544,0.5338266498863544,0.5338266498863544,0.5338266498863544,0.5338266498863544,0.5338266498863544,0.5338266498863544,0.5338266498863544,0.4489591385988694,0.4489591385988694,0.4489591385988694,0.4489591385988694,0.5755377881281984,0.5755377881281984,0.5755377881281984,0.5755377881281984,0.5755377881281984,0.5755377881281984,0.5755377881281984,0.5755377881281984
0.4530386740331491,0.4530386740331491,0.7392947857826901,0.7392947857826901,0.7392947857826901,0.7392947857826901,0.6304034464106135,0.6734238353051166,0.5877716030801975,0.5877716030801975,0.5877716030801975,0.461071065456015,0.6212799409013399,0.4248775453524555,0.4248775453524555,0.4558223893499092,0.4558223893499092,0.43461415760684263,0.43461415760684263,0.43461415760684263,0.43461415760684263,0.43461415760684263,0.43461415760684263,0.43461415760684263,0.43461415760684263,0.43461415760684263,0.4276480973509705,0.4276480973509705,0.4276480973509705,0.4276480973509705,0.4276480973509705,0.4276480973509705,0.4276480973509705,0.4276480973509705,0.4276480973509705,0.4276480973509705,0.4276480973509705,0.4276480973509705,0.42782675035256484,0.42782675035256484,0.42782675035256484,0.42782675035256484,0.4580916631040421,0.4580916631040421,0.4580916631040421,0.4580916631040421,0.4580916631040421,0.4580916631040421,0.4580916631040421,0.4580916631040421
0.4293193717277487,0.4293193717277487,0.6021709209879266,0.6021709209879266,0.6021709209879266,0.6021709209879266,0.5349757418973191,0.5717210268409273,0.5656737748227697,0.5656737748227697,0.5656737748227697,0.6736406975491191,0.6429202052013673,0.6197726796881065,0.6197726796881065,0.5846737136530906,0.5846737136530906,0.5667347884703535,0.5667347884703535,0.5667347884703535,0.5667347884703535,0.5667347884703535,0.5667347884703535,0.5667347884703535,0.5667347884703535,0.5667347884703535,0.5996658292635287,0.5996658292635287,0.5996658292635287,0.5996658292635287,0.5996658292635287,0.5996658292635287,0.5996658292635287,0.5996658292635287,0.5996658292635287,0.5996658292635287,0.5996658292635287,0.5996658292635287,0.584571539602965,0.584571539602965,0.584571539602965,0.584571539602965,0.3578335023172548,0.3578335023172548,0.3578335023172548,0.3578335023172548,0.3578335023172548,0.3578335023172548,0.3578335023172548,0.3578335023172548
0.42487046632124353,0.42487046632124353,0.17596304216091174,0.17596304216091174,0.17596304216091174,0.17596304216091174,0.3036210612651519,0.054545182872154846,0.27511954251260223,0.27511954251260223,0.27511954251260223,0.257017442759645,0.2106920178764534,0.0,0.0,0.034462400031690266,0.034462400031690266,0.18418660478331128,0.18418660478331128,0.18418660478331128,0.18418660478331128,0.18418660478331128,0.18418660478331128,0.18418660478331128,0.18418660478331128,0.18418660478331128,0.16037234339563933,0.16037234339563933,0.16037234339563933,0.16037234339563933,0.16037234339563933,0.16037234339563933,0.16037234339563933,0.16037234339563933,0.16037234339563933,0.16037234339563933,0.16037234339563933,0.16037234339563933,0.17219847506796826,0.17219847506796826,0.17219847506796826,0.17219847506796826,0.20990610746083047,0.20990610746083047,0.20990610746083047,0.20990610746083047,0.20990610746083047,0.20990610746083047,0.20990610746083047,0.20990610746083047
0.416243654822335,0.416243654822335,0.240608437275029,0.240608437275029,0.240608437275029,0.240608437275029,0.1392516979812125,0.22409977439059414,0.25813764459222466,0.25813764459222466,0.25813764459222466,0.3517281624537847,0.29834239114374206,0.2708614713321738,0.2708614713321738,0.2837619745900594,0.2837619745900594,0.300473787829602,0.300473787829602,0.300473787829602,0.300473787829602,0.300473787829602,0.300473787829602,0.300473787829602,0.300473787829602,0.300473787829602,0.3276833244289113,0.3276833244289113,0.3276833244289113,0.3276833244289113,0.3276833244289113,0.3276833244289113,0.3276833244289113,0.3276833244289113,0.3276833244289113,0.3276833244289113,0.3276833244289113,0.3276833244289113,0.31799718951116485,0.31799718951116485,0.31799718951116485,0.31799718951116485,0.313897108379904,0.313897108379904,0.313897108379904,0.313897108379904,0.313897108379904,0.313897108379904,0.313897108379904,0.313897108379904
0.4120603015075377,0.4120603015075377,0.4084858852582546,0.4084858852582546,0.4084858852582546,0.4084858852582546,0.4422625435946889,0.3772219767436587,0.46128656289278713,0.46128656289278713,0.46128656289278713,0.44376010069058935,0.4268445061273475,0.40514843022449176,0.40514843022449176,0.4007317172190692,0.4007317172190692,0.4406740296908997,0.4406740296908997,0.4406740296908997,0.4406740296908997,0.4406740296908997,0.4406740296908997,0.4406740296908997,0.4406740296908997,0.4406740296908997,0.41229528624935446,0.41229528624935446,0.41229528624935446,0.41229528624935446,0.41229528624935446,0.41229528624935446,0.41229528624935446,0.41229528624935446,0.41229528624935446,0.41229528624935446,0.41229528624935446,0.41229528624935446,0.3989217470735713,0.3989217470735713,0.3989217470735713,0.3989217470735713,0.438065468152499,0.438065468152499,0.438065468152499,0.438065468152499,0.438065468152499,0.438065468152499,0.438065468152499,0.438065468152499
0.3886255924170616,0.3886255924170616,0.4796941694872857,0.4796941694872857,0.4796941694872857,0.4796941694872857,0.5597830393908132,0.4844879433051813,0.5448140197939341,0.5448140197939341,0.5448140197939341,0.40049273068807556,0.4168085622455003,0.4108360779362762,0.4108360779362762,0.3670636425324867,0.3670636425324867,0.37143762838730016,0.37143762838730016,0.37143762838730016,0.37143762838730016,0.37143762838730016,0.37143762838730016,0.37143762838730016,0.37143762838730016,0.37143762838730016,0.3578020661324224,0.3578020661324224,0.3578020661324224,0.3578020661324224,0.3578020661324224,0.3578020661324224,0.3578020661324224,0.3578020661324224,0.3578020661324224,0.3578020661324224,0.3578020661324224,0.3578020661324224,0.4325807115354095,0.4325807115354095,0.4325807115354095,0.4325807115354095,0.3331225885572928,0.3331225885572928,0.3331225885572928,0.3331225885572928,0.3331225885572928,0.3331225885572928,0.3331225885572928,0.3331225885572928
0.36771300448430494,0.36771300448430494,0.2893141871998275,0.2893141871998275,0.2893141871998275,0.2893141871998275,0.07150852423990678,0.1901336795311854,0.24482609005903033,0.24482609005903033,0.24482609005903033,0.17426045403551307,0.17619825762308378,0.0,0.0,0.0,0.0,0.0,0.0,0.0,0.0,0.0,0.0,0.0,0.0,0.0,0.0,0.0,0.0,0.0,0.0,0.0,0.0,0.0,0.0,0.0,0.0,0.0,0.0,0.0,0.0,0.0,0.0,0.0,0.0,0.0,0.0,0.0,0.0,0.0
0.3612334801762115,0.3612334801762115,0.05445562836924056,0.05445562836924056,0.05445562836924056,0.05445562836924056,0.1978382237147663,0.21082377051581533,0.0,0.0,0.0,0.06873625787342587,0.0,0.043207620473262515,0.043207620473262515,0.031325028498670186,0.031325028498670186,0.040407029132973386,0.040407029132973386,0.040407029132973386,0.040407029132973386,0.040407029132973386,0.040407029132973386,0.040407029132973386,0.040407029132973386,0.040407029132973386,0.0,0.0,0.0,0.0,0.0,0.0,0.0,0.0,0.0,0.0,0.0,0.0,0.0,0.0,0.0,0.0,0.00753685415466188,0.00753685415466188,0.00753685415466188,0.00753685415466188,0.00753685415466188,0.00753685415466188,0.00753685415466188,0.00753685415466188
0.35807860262008734,0.35807860262008734,0.46257585837907766,0.46257585837907766,0.46257585837907766,0.46257585837907766,0.42528744775065597,0.4001031836271313,0.43453830358007695,0.43453830358007695,0.43453830358007695,0.3699490465809847,0.39349267169994295,0.42657004814589594,0.42657004814589594,0.4324441163182318,0.4324441163182318,0.48910754998368944,0.48910754998368944,0.48910754998368944,0.48910754998368944,0.48910754998368944,0.48910754998368944,0.48910754998368944,0.48910754998368944,0.48910754998368944,0.48328597337639284,0.48328597337639284,0.48328597337639284,0.48328597337639284,0.48328597337639284,0.48328597337639284,0.48328597337639284,0.48328597337639284,0.48328597337639284,0.48328597337639284,0.48328597337639284,0.48328597337639284,0.4941974245256219,0.4941974245256219,0.4941974245256219,0.4941974245256219,0.47006907311935575,0.47006907311935575,0.47006907311935575,0.47006907311935575,0.47006907311935575,0.47006907311935575,0.47006907311935575,0.47006907311935575
0.351931330472103,0.351931330472103,0.14279495225672945,0.14279495225672945,0.14279495225672945,0.14279495225672945,0.07953169518212537,0.2569192090720058,0.23924194584502628,0.23924194584502628,0.23924194584502628,0.31391115124953634,0.07630320435851001,0.264000931876465,0.264000931876465,0.2825072333455319,0.2825072333455319,0.20639749956900505,0.20639749956900505,0.20639749956900505,0.20639749956900505,0.20639749956900505,0.20639749956900505,0.20639749956900505,0.20639749956900505,0.20639749956900505,0.11567069602563784,0.11567069602563784,0.11567069602563784,0.11567069602563784,0.11567069602563784,0.11567069602563784,0.11567069602563784,0.11567069602563784,0.11567069602563784,0.11567069602563784,0.11567069602563784,0.11567069602563784,0.1290532803185203,0.1290532803185203,0.1290532803185203,0.1290532803185203,0.1258943370602028,0.1258943370602028,0.1258943370602028,0.1258943370602028,0.1258943370602028,0.1258943370602028,0.1258943370602028,0.1258943370602028
0.3430962343096234,0.3430962343096234,0.3573108816689749,0.3573108816689749,0.3573108816689749,0.3573108816689749,0.3597379497582423,0.34924217858179796,0.42439281615734176,0.42439281615734176,0.42439281615734176,0.38882328887392287,0.28068328988629787,0.4049557519720988,0.4049557519720988,0.40179853934786297,0.40179853934786297,0.44134476362779484,0.44134476362779484,0.44134476362779484,0.44134476362779484,0.44134476362779484,0.44134476362779484,0.44134476362779484,0.44134476362779484,0.44134476362779484,0.44731899857728186,0.44731899857728186,0.44731899857728186,0.44731899857728186,0.44731899857728186,0.44731899857728186,0.44731899857728186,0.44731899857728186,0.44731899857728186,0.44731899857728186,0.44731899857728186,0.44731899857728186,0.4465775022345978,0.4465775022345978,0.4465775022345978,0.4465775022345978,0.49286769575305656,0.49286769575305656,0.49286769575305656,0.49286769575305656,0.49286769575305656,0.49286769575305656,0.49286769575305656,0.49286769575305656
0.34024896265560167,0.34024896265560167,0.5119875212748807,0.5119875212748807,0.5119875212748807,0.5119875212748807,0.5132542819373779,0.4354658303411706,0.501257662246664,0.501257662246664,0.501257662246664,0.5216877648269678,0.4730937207234069,0.5204714245011853,0.5204714245011853,0.5530059392701873,0.5530059392701873,0.5240020155399444,0.5240020155399444,0.5240020155399444,0.5240020155399444,0.5240020155399444,0.5240020155399444,0.5240020155399444,0.5240020155399444,0.5240020155399444,0.5353350339015861,0.5353350339015861,0.5353350339015861,0.5353350339015861,0.5353350339015861,0.5353350339015861,0.5353350339015861,0.5353350339015861,0.5353350339015861,0.5353350339015861,0.5353350339015861,0.5353350339015861,0.5276310784700645,0.5276310784700645,0.5276310784700645,0.5276310784700645,0.4878912256984284,0.4878912256984284,0.4878912256984284,0.4878912256984284,0.4878912256984284,0.4878912256984284,0.4878912256984284,0.4878912256984284
0.44305798668764407,0.44305798668764407,0.4359421044942935,0.4359421044942935,0.4359421044942935,0.4359421044942935,0.4083766856462745,0.3365857220513542,0.2720578875891553,0.2720578875891553,0.2720578875891553,0.26304891361511773,0.23280005038178064,0.19929297049306127,0.19929297049306127,0.10775523919751695,0.10775523919751695,0.003550235415763492,0.003550235415763492,0.003550235415763492,0.003550235415763492,0.003550235415763492,0.003550235415763492,0.003550235415763492,0.003550235415763492,0.003550235415763492,0.0021359072217257413,0.0021359072217257413,0.0021359072217257413,0.0021359072217257413,0.0021359072217257413,0.0021359072217257413,0.0021359072217257413,0.0021359072217257413,0.0021359072217257413,0.0021359072217257413,0.0021359072217257413,0.0021359072217257413,0.001454328867965593,0.001454328867965593,0.001454328867965593,0.001454328867965593,0.0012442304976238994,0.0012442304976238994,0.0012442304976238994,0.0012442304976238994,0.0012442304976238994,0.0012442304976238994,0.0012442304976238994,0.0012442304976238994
